[2026-07-28T08:25:07.325+0000] {processor.py:186} INFO - Started process (PID=171) to work on /opt/airflow/dags/automation.py
[2026-07-28T08:25:07.327+0000] {processor.py:914} INFO - Processing file /opt/airflow/dags/automation.py for tasks to queue
[2026-07-28T08:25:07.332+0000] {logging_mixin.py:190} INFO - [2026-07-28T08:25:07.332+0000] {dagbag.py:588} INFO - Filling up the DagBag from /opt/airflow/dags/automation.py
[2026-07-28T08:25:07.379+0000] {processor.py:925} INFO - DAG(s) 'dlt_loading_dag' retrieved from /opt/airflow/dags/automation.py
[2026-07-28T08:25:07.448+0000] {logging_mixin.py:190} INFO - [2026-07-28T08:25:07.447+0000] {dag.py:3239} INFO - Sync 1 DAGs
[2026-07-28T08:25:07.474+0000] {logging_mixin.py:190} INFO - [2026-07-28T08:25:07.473+0000] {dag.py:4180} INFO - Setting next_dagrun for dlt_loading_dag to None, run_after=None
[2026-07-28T08:25:07.509+0000] {processor.py:208} INFO - Processing /opt/airflow/dags/automation.py took 0.194 seconds
[2026-07-28T08:25:37.729+0000] {processor.py:186} INFO - Started process (PID=176) to work on /opt/airflow/dags/automation.py
[2026-07-28T08:25:37.731+0000] {processor.py:914} INFO - Processing file /opt/airflow/dags/automation.py for tasks to queue
[2026-07-28T08:25:37.733+0000] {logging_mixin.py:190} INFO - [2026-07-28T08:25:37.733+0000] {dagbag.py:588} INFO - Filling up the DagBag from /opt/airflow/dags/automation.py
[2026-07-28T08:25:37.771+0000] {processor.py:925} INFO - DAG(s) 'dlt_loading_dag' retrieved from /opt/airflow/dags/automation.py
[2026-07-28T08:25:37.796+0000] {logging_mixin.py:190} INFO - [2026-07-28T08:25:37.796+0000] {dag.py:3239} INFO - Sync 1 DAGs
[2026-07-28T08:25:37.811+0000] {logging_mixin.py:190} INFO - [2026-07-28T08:25:37.811+0000] {dag.py:4180} INFO - Setting next_dagrun for dlt_loading_dag to None, run_after=None
[2026-07-28T08:25:37.831+0000] {processor.py:208} INFO - Processing /opt/airflow/dags/automation.py took 0.107 seconds
[2026-07-28T08:26:08.076+0000] {processor.py:186} INFO - Started process (PID=184) to work on /opt/airflow/dags/automation.py
[2026-07-28T08:26:08.078+0000] {processor.py:914} INFO - Processing file /opt/airflow/dags/automation.py for tasks to queue
[2026-07-28T08:26:08.085+0000] {logging_mixin.py:190} INFO - [2026-07-28T08:26:08.084+0000] {dagbag.py:588} INFO - Filling up the DagBag from /opt/airflow/dags/automation.py
[2026-07-28T08:26:08.118+0000] {processor.py:925} INFO - DAG(s) 'dlt_loading_dag' retrieved from /opt/airflow/dags/automation.py
[2026-07-28T08:26:08.153+0000] {logging_mixin.py:190} INFO - [2026-07-28T08:26:08.153+0000] {dag.py:3239} INFO - Sync 1 DAGs
[2026-07-28T08:26:08.171+0000] {logging_mixin.py:190} INFO - [2026-07-28T08:26:08.170+0000] {dag.py:4180} INFO - Setting next_dagrun for dlt_loading_dag to None, run_after=None
[2026-07-28T08:26:08.194+0000] {processor.py:208} INFO - Processing /opt/airflow/dags/automation.py took 0.123 seconds
[2026-07-28T08:26:38.524+0000] {processor.py:186} INFO - Started process (PID=189) to work on /opt/airflow/dags/automation.py
[2026-07-28T08:26:38.525+0000] {processor.py:914} INFO - Processing file /opt/airflow/dags/automation.py for tasks to queue
[2026-07-28T08:26:38.527+0000] {logging_mixin.py:190} INFO - [2026-07-28T08:26:38.527+0000] {dagbag.py:588} INFO - Filling up the DagBag from /opt/airflow/dags/automation.py
[2026-07-28T08:26:38.542+0000] {processor.py:925} INFO - DAG(s) 'dlt_loading_dag' retrieved from /opt/airflow/dags/automation.py
[2026-07-28T08:26:38.566+0000] {logging_mixin.py:190} INFO - [2026-07-28T08:26:38.565+0000] {dag.py:3239} INFO - Sync 1 DAGs
[2026-07-28T08:26:38.590+0000] {logging_mixin.py:190} INFO - [2026-07-28T08:26:38.590+0000] {dag.py:4180} INFO - Setting next_dagrun for dlt_loading_dag to None, run_after=None
[2026-07-28T08:26:38.619+0000] {processor.py:208} INFO - Processing /opt/airflow/dags/automation.py took 0.099 seconds
[2026-07-28T08:27:08.877+0000] {processor.py:186} INFO - Started process (PID=194) to work on /opt/airflow/dags/automation.py
[2026-07-28T08:27:08.878+0000] {processor.py:914} INFO - Processing file /opt/airflow/dags/automation.py for tasks to queue
[2026-07-28T08:27:08.880+0000] {logging_mixin.py:190} INFO - [2026-07-28T08:27:08.880+0000] {dagbag.py:588} INFO - Filling up the DagBag from /opt/airflow/dags/automation.py
[2026-07-28T08:27:08.900+0000] {processor.py:925} INFO - DAG(s) 'dlt_loading_dag' retrieved from /opt/airflow/dags/automation.py
[2026-07-28T08:27:08.924+0000] {logging_mixin.py:190} INFO - [2026-07-28T08:27:08.924+0000] {dag.py:3239} INFO - Sync 1 DAGs
[2026-07-28T08:27:08.939+0000] {logging_mixin.py:190} INFO - [2026-07-28T08:27:08.938+0000] {dag.py:4180} INFO - Setting next_dagrun for dlt_loading_dag to None, run_after=None
[2026-07-28T08:27:08.957+0000] {processor.py:208} INFO - Processing /opt/airflow/dags/automation.py took 0.085 seconds
[2026-07-28T08:27:39.251+0000] {processor.py:186} INFO - Started process (PID=199) to work on /opt/airflow/dags/automation.py
[2026-07-28T08:27:39.252+0000] {processor.py:914} INFO - Processing file /opt/airflow/dags/automation.py for tasks to queue
[2026-07-28T08:27:39.254+0000] {logging_mixin.py:190} INFO - [2026-07-28T08:27:39.254+0000] {dagbag.py:588} INFO - Filling up the DagBag from /opt/airflow/dags/automation.py
[2026-07-28T08:27:39.265+0000] {processor.py:925} INFO - DAG(s) 'dlt_loading_dag' retrieved from /opt/airflow/dags/automation.py
[2026-07-28T08:27:39.284+0000] {logging_mixin.py:190} INFO - [2026-07-28T08:27:39.283+0000] {dag.py:3239} INFO - Sync 1 DAGs
[2026-07-28T08:27:39.295+0000] {logging_mixin.py:190} INFO - [2026-07-28T08:27:39.295+0000] {dag.py:4180} INFO - Setting next_dagrun for dlt_loading_dag to None, run_after=None
[2026-07-28T08:27:39.310+0000] {processor.py:208} INFO - Processing /opt/airflow/dags/automation.py took 0.063 seconds
[2026-07-28T08:28:01.511+0000] {processor.py:186} INFO - Started process (PID=204) to work on /opt/airflow/dags/automation.py
[2026-07-28T08:28:01.512+0000] {processor.py:914} INFO - Processing file /opt/airflow/dags/automation.py for tasks to queue
[2026-07-28T08:28:01.514+0000] {logging_mixin.py:190} INFO - [2026-07-28T08:28:01.514+0000] {dagbag.py:588} INFO - Filling up the DagBag from /opt/airflow/dags/automation.py
[2026-07-28T08:28:01.559+0000] {processor.py:925} INFO - DAG(s) 'dlt_loading_dag' retrieved from /opt/airflow/dags/automation.py
[2026-07-28T08:28:01.580+0000] {logging_mixin.py:190} INFO - [2026-07-28T08:28:01.580+0000] {dag.py:3239} INFO - Sync 1 DAGs
[2026-07-28T08:28:01.592+0000] {logging_mixin.py:190} INFO - [2026-07-28T08:28:01.592+0000] {dag.py:4180} INFO - Setting next_dagrun for dlt_loading_dag to None, run_after=None
[2026-07-28T08:28:01.620+0000] {processor.py:208} INFO - Processing /opt/airflow/dags/automation.py took 0.114 seconds
[2026-07-28T08:28:31.994+0000] {processor.py:186} INFO - Started process (PID=209) to work on /opt/airflow/dags/automation.py
[2026-07-28T08:28:31.995+0000] {processor.py:914} INFO - Processing file /opt/airflow/dags/automation.py for tasks to queue
[2026-07-28T08:28:31.997+0000] {logging_mixin.py:190} INFO - [2026-07-28T08:28:31.997+0000] {dagbag.py:588} INFO - Filling up the DagBag from /opt/airflow/dags/automation.py
[2026-07-28T08:28:32.024+0000] {processor.py:925} INFO - DAG(s) 'dlt_loading_dag' retrieved from /opt/airflow/dags/automation.py
[2026-07-28T08:28:32.044+0000] {logging_mixin.py:190} INFO - [2026-07-28T08:28:32.044+0000] {dag.py:3239} INFO - Sync 1 DAGs
[2026-07-28T08:28:32.056+0000] {logging_mixin.py:190} INFO - [2026-07-28T08:28:32.055+0000] {dag.py:4180} INFO - Setting next_dagrun for dlt_loading_dag to None, run_after=None
[2026-07-28T08:28:32.078+0000] {processor.py:208} INFO - Processing /opt/airflow/dags/automation.py took 0.088 seconds
[2026-07-28T08:29:02.438+0000] {processor.py:186} INFO - Started process (PID=214) to work on /opt/airflow/dags/automation.py
[2026-07-28T08:29:02.439+0000] {processor.py:914} INFO - Processing file /opt/airflow/dags/automation.py for tasks to queue
[2026-07-28T08:29:02.441+0000] {logging_mixin.py:190} INFO - [2026-07-28T08:29:02.441+0000] {dagbag.py:588} INFO - Filling up the DagBag from /opt/airflow/dags/automation.py
[2026-07-28T08:29:02.460+0000] {processor.py:925} INFO - DAG(s) 'dlt_loading_dag' retrieved from /opt/airflow/dags/automation.py
[2026-07-28T08:29:02.479+0000] {logging_mixin.py:190} INFO - [2026-07-28T08:29:02.479+0000] {dag.py:3239} INFO - Sync 1 DAGs
[2026-07-28T08:29:02.491+0000] {logging_mixin.py:190} INFO - [2026-07-28T08:29:02.491+0000] {dag.py:4180} INFO - Setting next_dagrun for dlt_loading_dag to None, run_after=None
[2026-07-28T08:29:02.510+0000] {processor.py:208} INFO - Processing /opt/airflow/dags/automation.py took 0.077 seconds
[2026-07-28T08:29:32.877+0000] {processor.py:186} INFO - Started process (PID=219) to work on /opt/airflow/dags/automation.py
[2026-07-28T08:29:32.878+0000] {processor.py:914} INFO - Processing file /opt/airflow/dags/automation.py for tasks to queue
[2026-07-28T08:29:32.880+0000] {logging_mixin.py:190} INFO - [2026-07-28T08:29:32.880+0000] {dagbag.py:588} INFO - Filling up the DagBag from /opt/airflow/dags/automation.py
[2026-07-28T08:29:32.901+0000] {processor.py:925} INFO - DAG(s) 'dlt_loading_dag' retrieved from /opt/airflow/dags/automation.py
[2026-07-28T08:29:32.924+0000] {logging_mixin.py:190} INFO - [2026-07-28T08:29:32.923+0000] {dag.py:3239} INFO - Sync 1 DAGs
[2026-07-28T08:29:32.937+0000] {logging_mixin.py:190} INFO - [2026-07-28T08:29:32.937+0000] {dag.py:4180} INFO - Setting next_dagrun for dlt_loading_dag to None, run_after=None
[2026-07-28T08:29:32.955+0000] {processor.py:208} INFO - Processing /opt/airflow/dags/automation.py took 0.085 seconds
[2026-07-28T08:30:03.297+0000] {processor.py:186} INFO - Started process (PID=224) to work on /opt/airflow/dags/automation.py
[2026-07-28T08:30:03.298+0000] {processor.py:914} INFO - Processing file /opt/airflow/dags/automation.py for tasks to queue
[2026-07-28T08:30:03.300+0000] {logging_mixin.py:190} INFO - [2026-07-28T08:30:03.299+0000] {dagbag.py:588} INFO - Filling up the DagBag from /opt/airflow/dags/automation.py
[2026-07-28T08:30:03.320+0000] {processor.py:925} INFO - DAG(s) 'dlt_loading_dag' retrieved from /opt/airflow/dags/automation.py
[2026-07-28T08:30:03.342+0000] {logging_mixin.py:190} INFO - [2026-07-28T08:30:03.341+0000] {dag.py:3239} INFO - Sync 1 DAGs
[2026-07-28T08:30:03.353+0000] {logging_mixin.py:190} INFO - [2026-07-28T08:30:03.353+0000] {dag.py:4180} INFO - Setting next_dagrun for dlt_loading_dag to None, run_after=None
[2026-07-28T08:30:03.370+0000] {processor.py:208} INFO - Processing /opt/airflow/dags/automation.py took 0.079 seconds
[2026-07-28T08:30:33.701+0000] {processor.py:186} INFO - Started process (PID=229) to work on /opt/airflow/dags/automation.py
[2026-07-28T08:30:33.702+0000] {processor.py:914} INFO - Processing file /opt/airflow/dags/automation.py for tasks to queue
[2026-07-28T08:30:33.704+0000] {logging_mixin.py:190} INFO - [2026-07-28T08:30:33.704+0000] {dagbag.py:588} INFO - Filling up the DagBag from /opt/airflow/dags/automation.py
[2026-07-28T08:30:33.723+0000] {processor.py:925} INFO - DAG(s) 'dlt_loading_dag' retrieved from /opt/airflow/dags/automation.py
[2026-07-28T08:30:33.742+0000] {logging_mixin.py:190} INFO - [2026-07-28T08:30:33.742+0000] {dag.py:3239} INFO - Sync 1 DAGs
[2026-07-28T08:30:33.753+0000] {logging_mixin.py:190} INFO - [2026-07-28T08:30:33.753+0000] {dag.py:4180} INFO - Setting next_dagrun for dlt_loading_dag to None, run_after=None
[2026-07-28T08:30:33.772+0000] {processor.py:208} INFO - Processing /opt/airflow/dags/automation.py took 0.076 seconds
[2026-07-28T08:31:06.813+0000] {processor.py:186} INFO - Started process (PID=170) to work on /opt/airflow/dags/automation.py
[2026-07-28T08:31:06.815+0000] {processor.py:914} INFO - Processing file /opt/airflow/dags/automation.py for tasks to queue
[2026-07-28T08:31:06.818+0000] {logging_mixin.py:190} INFO - [2026-07-28T08:31:06.817+0000] {dagbag.py:588} INFO - Filling up the DagBag from /opt/airflow/dags/automation.py
[2026-07-28T08:31:06.861+0000] {processor.py:925} INFO - DAG(s) 'dlt_loading_dag' retrieved from /opt/airflow/dags/automation.py
[2026-07-28T08:31:06.910+0000] {logging_mixin.py:190} INFO - [2026-07-28T08:31:06.910+0000] {dag.py:3239} INFO - Sync 1 DAGs
[2026-07-28T08:31:06.928+0000] {logging_mixin.py:190} INFO - [2026-07-28T08:31:06.928+0000] {dag.py:4180} INFO - Setting next_dagrun for dlt_loading_dag to None, run_after=None
[2026-07-28T08:31:06.954+0000] {processor.py:208} INFO - Processing /opt/airflow/dags/automation.py took 0.148 seconds
[2026-07-28T08:31:37.209+0000] {processor.py:186} INFO - Started process (PID=178) to work on /opt/airflow/dags/automation.py
[2026-07-28T08:31:37.212+0000] {processor.py:914} INFO - Processing file /opt/airflow/dags/automation.py for tasks to queue
[2026-07-28T08:31:37.217+0000] {logging_mixin.py:190} INFO - [2026-07-28T08:31:37.216+0000] {dagbag.py:588} INFO - Filling up the DagBag from /opt/airflow/dags/automation.py
[2026-07-28T08:31:37.256+0000] {processor.py:925} INFO - DAG(s) 'dlt_loading_dag' retrieved from /opt/airflow/dags/automation.py
[2026-07-28T08:31:37.302+0000] {logging_mixin.py:190} INFO - [2026-07-28T08:31:37.301+0000] {dag.py:3239} INFO - Sync 1 DAGs
[2026-07-28T08:31:37.330+0000] {logging_mixin.py:190} INFO - [2026-07-28T08:31:37.330+0000] {dag.py:4180} INFO - Setting next_dagrun for dlt_loading_dag to None, run_after=None
[2026-07-28T08:31:37.361+0000] {processor.py:208} INFO - Processing /opt/airflow/dags/automation.py took 0.162 seconds
[2026-07-28T08:32:07.759+0000] {processor.py:186} INFO - Started process (PID=183) to work on /opt/airflow/dags/automation.py
[2026-07-28T08:32:07.760+0000] {processor.py:914} INFO - Processing file /opt/airflow/dags/automation.py for tasks to queue
[2026-07-28T08:32:07.763+0000] {logging_mixin.py:190} INFO - [2026-07-28T08:32:07.763+0000] {dagbag.py:588} INFO - Filling up the DagBag from /opt/airflow/dags/automation.py
[2026-07-28T08:32:07.790+0000] {processor.py:925} INFO - DAG(s) 'dlt_loading_dag' retrieved from /opt/airflow/dags/automation.py
[2026-07-28T08:32:07.820+0000] {logging_mixin.py:190} INFO - [2026-07-28T08:32:07.819+0000] {dag.py:3239} INFO - Sync 1 DAGs
[2026-07-28T08:32:07.832+0000] {logging_mixin.py:190} INFO - [2026-07-28T08:32:07.832+0000] {dag.py:4180} INFO - Setting next_dagrun for dlt_loading_dag to None, run_after=None
[2026-07-28T08:32:07.863+0000] {processor.py:208} INFO - Processing /opt/airflow/dags/automation.py took 0.111 seconds
[2026-07-28T08:32:38.169+0000] {processor.py:186} INFO - Started process (PID=188) to work on /opt/airflow/dags/automation.py
[2026-07-28T08:32:38.170+0000] {processor.py:914} INFO - Processing file /opt/airflow/dags/automation.py for tasks to queue
[2026-07-28T08:32:38.172+0000] {logging_mixin.py:190} INFO - [2026-07-28T08:32:38.172+0000] {dagbag.py:588} INFO - Filling up the DagBag from /opt/airflow/dags/automation.py
[2026-07-28T08:32:38.192+0000] {processor.py:925} INFO - DAG(s) 'dlt_loading_dag' retrieved from /opt/airflow/dags/automation.py
[2026-07-28T08:32:38.217+0000] {logging_mixin.py:190} INFO - [2026-07-28T08:32:38.217+0000] {dag.py:3239} INFO - Sync 1 DAGs
[2026-07-28T08:32:38.228+0000] {logging_mixin.py:190} INFO - [2026-07-28T08:32:38.228+0000] {dag.py:4180} INFO - Setting next_dagrun for dlt_loading_dag to None, run_after=None
[2026-07-28T08:32:38.249+0000] {processor.py:208} INFO - Processing /opt/airflow/dags/automation.py took 0.086 seconds
[2026-07-28T08:33:08.659+0000] {processor.py:186} INFO - Started process (PID=193) to work on /opt/airflow/dags/automation.py
[2026-07-28T08:33:08.660+0000] {processor.py:914} INFO - Processing file /opt/airflow/dags/automation.py for tasks to queue
[2026-07-28T08:33:08.663+0000] {logging_mixin.py:190} INFO - [2026-07-28T08:33:08.662+0000] {dagbag.py:588} INFO - Filling up the DagBag from /opt/airflow/dags/automation.py
[2026-07-28T08:33:08.685+0000] {processor.py:925} INFO - DAG(s) 'dlt_loading_dag' retrieved from /opt/airflow/dags/automation.py
[2026-07-28T08:33:08.707+0000] {logging_mixin.py:190} INFO - [2026-07-28T08:33:08.707+0000] {dag.py:3239} INFO - Sync 1 DAGs
[2026-07-28T08:33:08.719+0000] {logging_mixin.py:190} INFO - [2026-07-28T08:33:08.719+0000] {dag.py:4180} INFO - Setting next_dagrun for dlt_loading_dag to None, run_after=None
[2026-07-28T08:33:08.737+0000] {processor.py:208} INFO - Processing /opt/airflow/dags/automation.py took 0.083 seconds
[2026-07-28T08:33:19.770+0000] {processor.py:186} INFO - Started process (PID=198) to work on /opt/airflow/dags/automation.py
[2026-07-28T08:33:19.771+0000] {processor.py:914} INFO - Processing file /opt/airflow/dags/automation.py for tasks to queue
[2026-07-28T08:33:19.773+0000] {logging_mixin.py:190} INFO - [2026-07-28T08:33:19.773+0000] {dagbag.py:588} INFO - Filling up the DagBag from /opt/airflow/dags/automation.py
[2026-07-28T08:33:19.810+0000] {processor.py:925} INFO - DAG(s) 'dlt_loading_dag' retrieved from /opt/airflow/dags/automation.py
[2026-07-28T08:33:20.022+0000] {logging_mixin.py:190} INFO - [2026-07-28T08:33:20.022+0000] {dag.py:3239} INFO - Sync 1 DAGs
[2026-07-28T08:33:20.035+0000] {logging_mixin.py:190} INFO - [2026-07-28T08:33:20.035+0000] {dag.py:4180} INFO - Setting next_dagrun for dlt_loading_dag to None, run_after=None
[2026-07-28T08:33:20.065+0000] {processor.py:208} INFO - Processing /opt/airflow/dags/automation.py took 0.301 seconds
[2026-07-28T08:33:50.229+0000] {processor.py:186} INFO - Started process (PID=203) to work on /opt/airflow/dags/automation.py
[2026-07-28T08:33:50.230+0000] {processor.py:914} INFO - Processing file /opt/airflow/dags/automation.py for tasks to queue
[2026-07-28T08:33:50.232+0000] {logging_mixin.py:190} INFO - [2026-07-28T08:33:50.232+0000] {dagbag.py:588} INFO - Filling up the DagBag from /opt/airflow/dags/automation.py
[2026-07-28T08:33:50.252+0000] {processor.py:925} INFO - DAG(s) 'dlt_loading_dag' retrieved from /opt/airflow/dags/automation.py
[2026-07-28T08:33:50.276+0000] {logging_mixin.py:190} INFO - [2026-07-28T08:33:50.275+0000] {dag.py:3239} INFO - Sync 1 DAGs
[2026-07-28T08:33:50.286+0000] {logging_mixin.py:190} INFO - [2026-07-28T08:33:50.286+0000] {dag.py:4180} INFO - Setting next_dagrun for dlt_loading_dag to None, run_after=None
[2026-07-28T08:33:50.303+0000] {processor.py:208} INFO - Processing /opt/airflow/dags/automation.py took 0.078 seconds
[2026-07-28T08:34:17.679+0000] {processor.py:186} INFO - Started process (PID=208) to work on /opt/airflow/dags/automation.py
[2026-07-28T08:34:17.680+0000] {processor.py:914} INFO - Processing file /opt/airflow/dags/automation.py for tasks to queue
[2026-07-28T08:34:17.682+0000] {logging_mixin.py:190} INFO - [2026-07-28T08:34:17.681+0000] {dagbag.py:588} INFO - Filling up the DagBag from /opt/airflow/dags/automation.py
[2026-07-28T08:34:17.744+0000] {processor.py:925} INFO - DAG(s) 'dlt_loading_dag' retrieved from /opt/airflow/dags/automation.py
[2026-07-28T08:34:17.853+0000] {logging_mixin.py:190} INFO - [2026-07-28T08:34:17.853+0000] {dag.py:3239} INFO - Sync 1 DAGs
[2026-07-28T08:34:17.864+0000] {logging_mixin.py:190} INFO - [2026-07-28T08:34:17.864+0000] {dag.py:4180} INFO - Setting next_dagrun for dlt_loading_dag to None, run_after=None
[2026-07-28T08:34:17.886+0000] {processor.py:208} INFO - Processing /opt/airflow/dags/automation.py took 0.213 seconds
[2026-07-28T08:34:48.043+0000] {processor.py:186} INFO - Started process (PID=213) to work on /opt/airflow/dags/automation.py
[2026-07-28T08:34:48.044+0000] {processor.py:914} INFO - Processing file /opt/airflow/dags/automation.py for tasks to queue
[2026-07-28T08:34:48.045+0000] {logging_mixin.py:190} INFO - [2026-07-28T08:34:48.045+0000] {dagbag.py:588} INFO - Filling up the DagBag from /opt/airflow/dags/automation.py
[2026-07-28T08:34:48.063+0000] {processor.py:925} INFO - DAG(s) 'dlt_loading_dag' retrieved from /opt/airflow/dags/automation.py
[2026-07-28T08:34:48.085+0000] {logging_mixin.py:190} INFO - [2026-07-28T08:34:48.085+0000] {dag.py:3239} INFO - Sync 1 DAGs
[2026-07-28T08:34:48.097+0000] {logging_mixin.py:190} INFO - [2026-07-28T08:34:48.097+0000] {dag.py:4180} INFO - Setting next_dagrun for dlt_loading_dag to None, run_after=None
[2026-07-28T08:34:48.113+0000] {processor.py:208} INFO - Processing /opt/airflow/dags/automation.py took 0.075 seconds
[2026-07-28T08:35:41.036+0000] {processor.py:186} INFO - Started process (PID=171) to work on /opt/airflow/dags/automation.py
[2026-07-28T08:35:41.038+0000] {processor.py:914} INFO - Processing file /opt/airflow/dags/automation.py for tasks to queue
[2026-07-28T08:35:41.041+0000] {logging_mixin.py:190} INFO - [2026-07-28T08:35:41.041+0000] {dagbag.py:588} INFO - Filling up the DagBag from /opt/airflow/dags/automation.py
[2026-07-28T08:35:41.107+0000] {processor.py:925} INFO - DAG(s) 'dlt_loading_dag' retrieved from /opt/airflow/dags/automation.py
[2026-07-28T08:35:41.199+0000] {logging_mixin.py:190} INFO - [2026-07-28T08:35:41.199+0000] {dag.py:3239} INFO - Sync 1 DAGs
[2026-07-28T08:35:41.232+0000] {logging_mixin.py:190} INFO - [2026-07-28T08:35:41.232+0000] {dag.py:4180} INFO - Setting next_dagrun for dlt_loading_dag to None, run_after=None
[2026-07-28T08:35:41.273+0000] {processor.py:208} INFO - Processing /opt/airflow/dags/automation.py took 0.249 seconds
[2026-07-28T08:35:50.175+0000] {processor.py:186} INFO - Started process (PID=176) to work on /opt/airflow/dags/automation.py
[2026-07-28T08:35:50.178+0000] {processor.py:914} INFO - Processing file /opt/airflow/dags/automation.py for tasks to queue
[2026-07-28T08:35:50.185+0000] {logging_mixin.py:190} INFO - [2026-07-28T08:35:50.184+0000] {dagbag.py:588} INFO - Filling up the DagBag from /opt/airflow/dags/automation.py
[2026-07-28T08:35:50.247+0000] {processor.py:925} INFO - DAG(s) 'dlt_loading_dag' retrieved from /opt/airflow/dags/automation.py
[2026-07-28T08:35:50.298+0000] {logging_mixin.py:190} INFO - [2026-07-28T08:35:50.297+0000] {dag.py:3239} INFO - Sync 1 DAGs
[2026-07-28T08:35:50.328+0000] {logging_mixin.py:190} INFO - [2026-07-28T08:35:50.327+0000] {dag.py:4180} INFO - Setting next_dagrun for dlt_loading_dag to None, run_after=None
[2026-07-28T08:35:50.371+0000] {processor.py:208} INFO - Processing /opt/airflow/dags/automation.py took 0.208 seconds
[2026-07-28T08:36:20.793+0000] {processor.py:186} INFO - Started process (PID=184) to work on /opt/airflow/dags/automation.py
[2026-07-28T08:36:20.796+0000] {processor.py:914} INFO - Processing file /opt/airflow/dags/automation.py for tasks to queue
[2026-07-28T08:36:20.799+0000] {logging_mixin.py:190} INFO - [2026-07-28T08:36:20.798+0000] {dagbag.py:588} INFO - Filling up the DagBag from /opt/airflow/dags/automation.py
[2026-07-28T08:36:20.821+0000] {processor.py:925} INFO - DAG(s) 'dlt_loading_dag' retrieved from /opt/airflow/dags/automation.py
[2026-07-28T08:36:20.847+0000] {logging_mixin.py:190} INFO - [2026-07-28T08:36:20.846+0000] {dag.py:3239} INFO - Sync 1 DAGs
[2026-07-28T08:36:20.860+0000] {logging_mixin.py:190} INFO - [2026-07-28T08:36:20.860+0000] {dag.py:4180} INFO - Setting next_dagrun for dlt_loading_dag to None, run_after=None
[2026-07-28T08:36:20.880+0000] {processor.py:208} INFO - Processing /opt/airflow/dags/automation.py took 0.096 seconds
[2026-07-28T08:36:51.174+0000] {processor.py:186} INFO - Started process (PID=189) to work on /opt/airflow/dags/automation.py
[2026-07-28T08:36:51.175+0000] {processor.py:914} INFO - Processing file /opt/airflow/dags/automation.py for tasks to queue
[2026-07-28T08:36:51.178+0000] {logging_mixin.py:190} INFO - [2026-07-28T08:36:51.178+0000] {dagbag.py:588} INFO - Filling up the DagBag from /opt/airflow/dags/automation.py
[2026-07-28T08:36:51.197+0000] {processor.py:925} INFO - DAG(s) 'dlt_loading_dag' retrieved from /opt/airflow/dags/automation.py
[2026-07-28T08:36:51.219+0000] {logging_mixin.py:190} INFO - [2026-07-28T08:36:51.219+0000] {dag.py:3239} INFO - Sync 1 DAGs
[2026-07-28T08:36:51.231+0000] {logging_mixin.py:190} INFO - [2026-07-28T08:36:51.231+0000] {dag.py:4180} INFO - Setting next_dagrun for dlt_loading_dag to None, run_after=None
[2026-07-28T08:36:51.252+0000] {processor.py:208} INFO - Processing /opt/airflow/dags/automation.py took 0.081 seconds
[2026-07-28T08:37:21.599+0000] {processor.py:186} INFO - Started process (PID=194) to work on /opt/airflow/dags/automation.py
[2026-07-28T08:37:21.600+0000] {processor.py:914} INFO - Processing file /opt/airflow/dags/automation.py for tasks to queue
[2026-07-28T08:37:21.602+0000] {logging_mixin.py:190} INFO - [2026-07-28T08:37:21.602+0000] {dagbag.py:588} INFO - Filling up the DagBag from /opt/airflow/dags/automation.py
[2026-07-28T08:37:21.623+0000] {processor.py:925} INFO - DAG(s) 'dlt_loading_dag' retrieved from /opt/airflow/dags/automation.py
[2026-07-28T08:37:21.640+0000] {logging_mixin.py:190} INFO - [2026-07-28T08:37:21.640+0000] {dag.py:3239} INFO - Sync 1 DAGs
[2026-07-28T08:37:21.652+0000] {logging_mixin.py:190} INFO - [2026-07-28T08:37:21.652+0000] {dag.py:4180} INFO - Setting next_dagrun for dlt_loading_dag to None, run_after=None
[2026-07-28T08:37:21.669+0000] {processor.py:208} INFO - Processing /opt/airflow/dags/automation.py took 0.074 seconds
[2026-07-28T08:37:52.034+0000] {processor.py:186} INFO - Started process (PID=199) to work on /opt/airflow/dags/automation.py
[2026-07-28T08:37:52.035+0000] {processor.py:914} INFO - Processing file /opt/airflow/dags/automation.py for tasks to queue
[2026-07-28T08:37:52.037+0000] {logging_mixin.py:190} INFO - [2026-07-28T08:37:52.037+0000] {dagbag.py:588} INFO - Filling up the DagBag from /opt/airflow/dags/automation.py
[2026-07-28T08:37:52.053+0000] {processor.py:925} INFO - DAG(s) 'dlt_loading_dag' retrieved from /opt/airflow/dags/automation.py
[2026-07-28T08:37:52.072+0000] {logging_mixin.py:190} INFO - [2026-07-28T08:37:52.072+0000] {dag.py:3239} INFO - Sync 1 DAGs
[2026-07-28T08:37:52.083+0000] {logging_mixin.py:190} INFO - [2026-07-28T08:37:52.082+0000] {dag.py:4180} INFO - Setting next_dagrun for dlt_loading_dag to None, run_after=None
[2026-07-28T08:37:52.100+0000] {processor.py:208} INFO - Processing /opt/airflow/dags/automation.py took 0.070 seconds
[2026-07-28T08:38:22.466+0000] {processor.py:186} INFO - Started process (PID=204) to work on /opt/airflow/dags/automation.py
[2026-07-28T08:38:22.467+0000] {processor.py:914} INFO - Processing file /opt/airflow/dags/automation.py for tasks to queue
[2026-07-28T08:38:22.470+0000] {logging_mixin.py:190} INFO - [2026-07-28T08:38:22.469+0000] {dagbag.py:588} INFO - Filling up the DagBag from /opt/airflow/dags/automation.py
[2026-07-28T08:38:22.506+0000] {processor.py:925} INFO - DAG(s) 'dlt_loading_dag' retrieved from /opt/airflow/dags/automation.py
[2026-07-28T08:38:22.532+0000] {logging_mixin.py:190} INFO - [2026-07-28T08:38:22.532+0000] {dag.py:3239} INFO - Sync 1 DAGs
[2026-07-28T08:38:22.547+0000] {logging_mixin.py:190} INFO - [2026-07-28T08:38:22.546+0000] {dag.py:4180} INFO - Setting next_dagrun for dlt_loading_dag to None, run_after=None
[2026-07-28T08:38:22.568+0000] {processor.py:208} INFO - Processing /opt/airflow/dags/automation.py took 0.110 seconds
[2026-07-28T08:38:52.843+0000] {processor.py:186} INFO - Started process (PID=209) to work on /opt/airflow/dags/automation.py
[2026-07-28T08:38:52.844+0000] {processor.py:914} INFO - Processing file /opt/airflow/dags/automation.py for tasks to queue
[2026-07-28T08:38:52.846+0000] {logging_mixin.py:190} INFO - [2026-07-28T08:38:52.846+0000] {dagbag.py:588} INFO - Filling up the DagBag from /opt/airflow/dags/automation.py
[2026-07-28T08:38:52.876+0000] {processor.py:925} INFO - DAG(s) 'dlt_loading_dag' retrieved from /opt/airflow/dags/automation.py
[2026-07-28T08:38:52.896+0000] {logging_mixin.py:190} INFO - [2026-07-28T08:38:52.896+0000] {dag.py:3239} INFO - Sync 1 DAGs
[2026-07-28T08:38:52.906+0000] {logging_mixin.py:190} INFO - [2026-07-28T08:38:52.906+0000] {dag.py:4180} INFO - Setting next_dagrun for dlt_loading_dag to None, run_after=None
[2026-07-28T08:38:52.923+0000] {processor.py:208} INFO - Processing /opt/airflow/dags/automation.py took 0.085 seconds
[2026-07-28T08:39:23.341+0000] {processor.py:186} INFO - Started process (PID=214) to work on /opt/airflow/dags/automation.py
[2026-07-28T08:39:23.344+0000] {processor.py:914} INFO - Processing file /opt/airflow/dags/automation.py for tasks to queue
[2026-07-28T08:39:23.347+0000] {logging_mixin.py:190} INFO - [2026-07-28T08:39:23.346+0000] {dagbag.py:588} INFO - Filling up the DagBag from /opt/airflow/dags/automation.py
[2026-07-28T08:39:23.375+0000] {processor.py:925} INFO - DAG(s) 'dlt_loading_dag' retrieved from /opt/airflow/dags/automation.py
[2026-07-28T08:39:23.408+0000] {logging_mixin.py:190} INFO - [2026-07-28T08:39:23.407+0000] {dag.py:3239} INFO - Sync 1 DAGs
[2026-07-28T08:39:23.425+0000] {logging_mixin.py:190} INFO - [2026-07-28T08:39:23.425+0000] {dag.py:4180} INFO - Setting next_dagrun for dlt_loading_dag to None, run_after=None
[2026-07-28T08:39:23.458+0000] {processor.py:208} INFO - Processing /opt/airflow/dags/automation.py took 0.126 seconds
[2026-07-28T08:39:53.710+0000] {processor.py:186} INFO - Started process (PID=219) to work on /opt/airflow/dags/automation.py
[2026-07-28T08:39:53.711+0000] {processor.py:914} INFO - Processing file /opt/airflow/dags/automation.py for tasks to queue
[2026-07-28T08:39:53.712+0000] {logging_mixin.py:190} INFO - [2026-07-28T08:39:53.712+0000] {dagbag.py:588} INFO - Filling up the DagBag from /opt/airflow/dags/automation.py
[2026-07-28T08:39:53.723+0000] {processor.py:925} INFO - DAG(s) 'dlt_loading_dag' retrieved from /opt/airflow/dags/automation.py
[2026-07-28T08:39:53.743+0000] {logging_mixin.py:190} INFO - [2026-07-28T08:39:53.742+0000] {dag.py:3239} INFO - Sync 1 DAGs
[2026-07-28T08:39:53.753+0000] {logging_mixin.py:190} INFO - [2026-07-28T08:39:53.753+0000] {dag.py:4180} INFO - Setting next_dagrun for dlt_loading_dag to None, run_after=None
[2026-07-28T08:39:53.772+0000] {processor.py:208} INFO - Processing /opt/airflow/dags/automation.py took 0.067 seconds
[2026-07-28T08:40:12.099+0000] {processor.py:186} INFO - Started process (PID=224) to work on /opt/airflow/dags/automation.py
[2026-07-28T08:40:12.102+0000] {processor.py:914} INFO - Processing file /opt/airflow/dags/automation.py for tasks to queue
[2026-07-28T08:40:12.104+0000] {logging_mixin.py:190} INFO - [2026-07-28T08:40:12.104+0000] {dagbag.py:588} INFO - Filling up the DagBag from /opt/airflow/dags/automation.py
[2026-07-28T08:40:12.142+0000] {processor.py:925} INFO - DAG(s) 'dlt_loading_dag' retrieved from /opt/airflow/dags/automation.py
[2026-07-28T08:40:12.327+0000] {logging_mixin.py:190} INFO - [2026-07-28T08:40:12.326+0000] {dag.py:3239} INFO - Sync 1 DAGs
[2026-07-28T08:40:12.337+0000] {logging_mixin.py:190} INFO - [2026-07-28T08:40:12.336+0000] {dag.py:4180} INFO - Setting next_dagrun for dlt_loading_dag to None, run_after=None
[2026-07-28T08:40:12.361+0000] {processor.py:208} INFO - Processing /opt/airflow/dags/automation.py took 0.270 seconds
[2026-07-28T08:40:42.522+0000] {processor.py:186} INFO - Started process (PID=229) to work on /opt/airflow/dags/automation.py
[2026-07-28T08:40:42.523+0000] {processor.py:914} INFO - Processing file /opt/airflow/dags/automation.py for tasks to queue
[2026-07-28T08:40:42.526+0000] {logging_mixin.py:190} INFO - [2026-07-28T08:40:42.526+0000] {dagbag.py:588} INFO - Filling up the DagBag from /opt/airflow/dags/automation.py
[2026-07-28T08:40:42.559+0000] {processor.py:925} INFO - DAG(s) 'dlt_loading_dag' retrieved from /opt/airflow/dags/automation.py
[2026-07-28T08:40:42.582+0000] {logging_mixin.py:190} INFO - [2026-07-28T08:40:42.582+0000] {dag.py:3239} INFO - Sync 1 DAGs
[2026-07-28T08:40:42.595+0000] {logging_mixin.py:190} INFO - [2026-07-28T08:40:42.595+0000] {dag.py:4180} INFO - Setting next_dagrun for dlt_loading_dag to None, run_after=None
[2026-07-28T08:40:42.614+0000] {processor.py:208} INFO - Processing /opt/airflow/dags/automation.py took 0.098 seconds
[2026-07-28T08:42:22.399+0000] {processor.py:186} INFO - Started process (PID=170) to work on /opt/airflow/dags/automation.py
[2026-07-28T08:42:22.401+0000] {processor.py:914} INFO - Processing file /opt/airflow/dags/automation.py for tasks to queue
[2026-07-28T08:42:22.406+0000] {logging_mixin.py:190} INFO - [2026-07-28T08:42:22.405+0000] {dagbag.py:588} INFO - Filling up the DagBag from /opt/airflow/dags/automation.py
[2026-07-28T08:42:22.469+0000] {processor.py:925} INFO - DAG(s) 'dlt_loading_dag' retrieved from /opt/airflow/dags/automation.py
[2026-07-28T08:42:22.944+0000] {logging_mixin.py:190} INFO - [2026-07-28T08:42:22.943+0000] {override.py:1912} INFO - Created Permission View: can edit on DAG:dlt_loading_dag
[2026-07-28T08:42:22.961+0000] {logging_mixin.py:190} INFO - [2026-07-28T08:42:22.960+0000] {override.py:1912} INFO - Created Permission View: can read on DAG:dlt_loading_dag
[2026-07-28T08:42:22.972+0000] {logging_mixin.py:190} INFO - [2026-07-28T08:42:22.972+0000] {override.py:1912} INFO - Created Permission View: can delete on DAG:dlt_loading_dag
[2026-07-28T08:42:22.984+0000] {logging_mixin.py:190} INFO - [2026-07-28T08:42:22.984+0000] {override.py:1912} INFO - Created Permission View: can delete on DAG Run:dlt_loading_dag
[2026-07-28T08:42:22.996+0000] {logging_mixin.py:190} INFO - [2026-07-28T08:42:22.995+0000] {override.py:1912} INFO - Created Permission View: can read on DAG Run:dlt_loading_dag
[2026-07-28T08:42:23.005+0000] {logging_mixin.py:190} INFO - [2026-07-28T08:42:23.005+0000] {override.py:1912} INFO - Created Permission View: can create on DAG Run:dlt_loading_dag
[2026-07-28T08:42:23.015+0000] {logging_mixin.py:190} INFO - [2026-07-28T08:42:23.015+0000] {override.py:1912} INFO - Created Permission View: menu access on DAG Run:dlt_loading_dag
[2026-07-28T08:42:23.017+0000] {logging_mixin.py:190} INFO - [2026-07-28T08:42:23.016+0000] {dag.py:3239} INFO - Sync 1 DAGs
[2026-07-28T08:42:23.036+0000] {logging_mixin.py:190} INFO - [2026-07-28T08:42:23.035+0000] {dag.py:3262} INFO - Creating ORM DAG for dlt_loading_dag
[2026-07-28T08:42:23.037+0000] {logging_mixin.py:190} INFO - [2026-07-28T08:42:23.037+0000] {dag.py:4180} INFO - Setting next_dagrun for dlt_loading_dag to None, run_after=None
[2026-07-28T08:42:23.063+0000] {processor.py:208} INFO - Processing /opt/airflow/dags/automation.py took 0.675 seconds
[2026-07-28T08:42:53.499+0000] {processor.py:186} INFO - Started process (PID=175) to work on /opt/airflow/dags/automation.py
[2026-07-28T08:42:53.500+0000] {processor.py:914} INFO - Processing file /opt/airflow/dags/automation.py for tasks to queue
[2026-07-28T08:42:53.503+0000] {logging_mixin.py:190} INFO - [2026-07-28T08:42:53.503+0000] {dagbag.py:588} INFO - Filling up the DagBag from /opt/airflow/dags/automation.py
[2026-07-28T08:42:53.521+0000] {processor.py:925} INFO - DAG(s) 'dlt_loading_dag' retrieved from /opt/airflow/dags/automation.py
[2026-07-28T08:42:53.545+0000] {logging_mixin.py:190} INFO - [2026-07-28T08:42:53.545+0000] {dag.py:3239} INFO - Sync 1 DAGs
[2026-07-28T08:42:53.557+0000] {logging_mixin.py:190} INFO - [2026-07-28T08:42:53.557+0000] {dag.py:4180} INFO - Setting next_dagrun for dlt_loading_dag to None, run_after=None
[2026-07-28T08:42:53.576+0000] {processor.py:208} INFO - Processing /opt/airflow/dags/automation.py took 0.083 seconds
[2026-07-28T08:43:23.871+0000] {processor.py:186} INFO - Started process (PID=183) to work on /opt/airflow/dags/automation.py
[2026-07-28T08:43:23.873+0000] {processor.py:914} INFO - Processing file /opt/airflow/dags/automation.py for tasks to queue
[2026-07-28T08:43:23.875+0000] {logging_mixin.py:190} INFO - [2026-07-28T08:43:23.875+0000] {dagbag.py:588} INFO - Filling up the DagBag from /opt/airflow/dags/automation.py
[2026-07-28T08:43:23.909+0000] {processor.py:925} INFO - DAG(s) 'dlt_loading_dag' retrieved from /opt/airflow/dags/automation.py
[2026-07-28T08:43:23.969+0000] {logging_mixin.py:190} INFO - [2026-07-28T08:43:23.969+0000] {dag.py:3239} INFO - Sync 1 DAGs
[2026-07-28T08:43:23.997+0000] {logging_mixin.py:190} INFO - [2026-07-28T08:43:23.997+0000] {dag.py:4180} INFO - Setting next_dagrun for dlt_loading_dag to None, run_after=None
[2026-07-28T08:43:24.041+0000] {processor.py:208} INFO - Processing /opt/airflow/dags/automation.py took 0.176 seconds
[2026-07-28T08:43:54.366+0000] {processor.py:186} INFO - Started process (PID=188) to work on /opt/airflow/dags/automation.py
[2026-07-28T08:43:54.368+0000] {processor.py:914} INFO - Processing file /opt/airflow/dags/automation.py for tasks to queue
[2026-07-28T08:43:54.370+0000] {logging_mixin.py:190} INFO - [2026-07-28T08:43:54.370+0000] {dagbag.py:588} INFO - Filling up the DagBag from /opt/airflow/dags/automation.py
[2026-07-28T08:43:54.392+0000] {processor.py:925} INFO - DAG(s) 'dlt_loading_dag' retrieved from /opt/airflow/dags/automation.py
[2026-07-28T08:43:54.415+0000] {logging_mixin.py:190} INFO - [2026-07-28T08:43:54.415+0000] {dag.py:3239} INFO - Sync 1 DAGs
[2026-07-28T08:43:54.428+0000] {logging_mixin.py:190} INFO - [2026-07-28T08:43:54.428+0000] {dag.py:4180} INFO - Setting next_dagrun for dlt_loading_dag to None, run_after=None
[2026-07-28T08:43:54.447+0000] {processor.py:208} INFO - Processing /opt/airflow/dags/automation.py took 0.086 seconds
[2026-07-28T08:44:24.936+0000] {processor.py:186} INFO - Started process (PID=193) to work on /opt/airflow/dags/automation.py
[2026-07-28T08:44:24.937+0000] {processor.py:914} INFO - Processing file /opt/airflow/dags/automation.py for tasks to queue
[2026-07-28T08:44:24.939+0000] {logging_mixin.py:190} INFO - [2026-07-28T08:44:24.939+0000] {dagbag.py:588} INFO - Filling up the DagBag from /opt/airflow/dags/automation.py
[2026-07-28T08:44:24.964+0000] {processor.py:925} INFO - DAG(s) 'dlt_loading_dag' retrieved from /opt/airflow/dags/automation.py
[2026-07-28T08:44:24.987+0000] {logging_mixin.py:190} INFO - [2026-07-28T08:44:24.987+0000] {dag.py:3239} INFO - Sync 1 DAGs
[2026-07-28T08:44:24.998+0000] {logging_mixin.py:190} INFO - [2026-07-28T08:44:24.998+0000] {dag.py:4180} INFO - Setting next_dagrun for dlt_loading_dag to None, run_after=None
[2026-07-28T08:44:25.017+0000] {processor.py:208} INFO - Processing /opt/airflow/dags/automation.py took 0.085 seconds
[2026-07-28T08:44:55.328+0000] {processor.py:186} INFO - Started process (PID=198) to work on /opt/airflow/dags/automation.py
[2026-07-28T08:44:55.329+0000] {processor.py:914} INFO - Processing file /opt/airflow/dags/automation.py for tasks to queue
[2026-07-28T08:44:55.331+0000] {logging_mixin.py:190} INFO - [2026-07-28T08:44:55.331+0000] {dagbag.py:588} INFO - Filling up the DagBag from /opt/airflow/dags/automation.py
[2026-07-28T08:44:55.350+0000] {processor.py:925} INFO - DAG(s) 'dlt_loading_dag' retrieved from /opt/airflow/dags/automation.py
[2026-07-28T08:44:55.371+0000] {logging_mixin.py:190} INFO - [2026-07-28T08:44:55.371+0000] {dag.py:3239} INFO - Sync 1 DAGs
[2026-07-28T08:44:55.381+0000] {logging_mixin.py:190} INFO - [2026-07-28T08:44:55.381+0000] {dag.py:4180} INFO - Setting next_dagrun for dlt_loading_dag to None, run_after=None
[2026-07-28T08:44:55.398+0000] {processor.py:208} INFO - Processing /opt/airflow/dags/automation.py took 0.074 seconds
[2026-07-28T08:45:25.823+0000] {processor.py:186} INFO - Started process (PID=203) to work on /opt/airflow/dags/automation.py
[2026-07-28T08:45:25.824+0000] {processor.py:914} INFO - Processing file /opt/airflow/dags/automation.py for tasks to queue
[2026-07-28T08:45:25.826+0000] {logging_mixin.py:190} INFO - [2026-07-28T08:45:25.826+0000] {dagbag.py:588} INFO - Filling up the DagBag from /opt/airflow/dags/automation.py
[2026-07-28T08:45:25.844+0000] {processor.py:925} INFO - DAG(s) 'dlt_loading_dag' retrieved from /opt/airflow/dags/automation.py
[2026-07-28T08:45:25.863+0000] {logging_mixin.py:190} INFO - [2026-07-28T08:45:25.863+0000] {dag.py:3239} INFO - Sync 1 DAGs
[2026-07-28T08:45:25.874+0000] {logging_mixin.py:190} INFO - [2026-07-28T08:45:25.874+0000] {dag.py:4180} INFO - Setting next_dagrun for dlt_loading_dag to None, run_after=None
[2026-07-28T08:45:25.889+0000] {processor.py:208} INFO - Processing /opt/airflow/dags/automation.py took 0.070 seconds
[2026-07-28T08:45:56.230+0000] {processor.py:186} INFO - Started process (PID=208) to work on /opt/airflow/dags/automation.py
[2026-07-28T08:45:56.232+0000] {processor.py:914} INFO - Processing file /opt/airflow/dags/automation.py for tasks to queue
[2026-07-28T08:45:56.234+0000] {logging_mixin.py:190} INFO - [2026-07-28T08:45:56.233+0000] {dagbag.py:588} INFO - Filling up the DagBag from /opt/airflow/dags/automation.py
[2026-07-28T08:45:56.257+0000] {processor.py:925} INFO - DAG(s) 'dlt_loading_dag' retrieved from /opt/airflow/dags/automation.py
[2026-07-28T08:45:56.277+0000] {logging_mixin.py:190} INFO - [2026-07-28T08:45:56.276+0000] {dag.py:3239} INFO - Sync 1 DAGs
[2026-07-28T08:45:56.290+0000] {logging_mixin.py:190} INFO - [2026-07-28T08:45:56.290+0000] {dag.py:4180} INFO - Setting next_dagrun for dlt_loading_dag to None, run_after=None
[2026-07-28T08:45:56.305+0000] {processor.py:208} INFO - Processing /opt/airflow/dags/automation.py took 0.079 seconds
[2026-07-28T08:46:26.636+0000] {processor.py:186} INFO - Started process (PID=213) to work on /opt/airflow/dags/automation.py
[2026-07-28T08:46:26.637+0000] {processor.py:914} INFO - Processing file /opt/airflow/dags/automation.py for tasks to queue
[2026-07-28T08:46:26.639+0000] {logging_mixin.py:190} INFO - [2026-07-28T08:46:26.639+0000] {dagbag.py:588} INFO - Filling up the DagBag from /opt/airflow/dags/automation.py
[2026-07-28T08:46:26.658+0000] {processor.py:925} INFO - DAG(s) 'dlt_loading_dag' retrieved from /opt/airflow/dags/automation.py
[2026-07-28T08:46:26.677+0000] {logging_mixin.py:190} INFO - [2026-07-28T08:46:26.677+0000] {dag.py:3239} INFO - Sync 1 DAGs
[2026-07-28T08:46:26.688+0000] {logging_mixin.py:190} INFO - [2026-07-28T08:46:26.688+0000] {dag.py:4180} INFO - Setting next_dagrun for dlt_loading_dag to None, run_after=None
[2026-07-28T08:46:26.707+0000] {processor.py:208} INFO - Processing /opt/airflow/dags/automation.py took 0.075 seconds
[2026-07-28T08:46:57.085+0000] {processor.py:186} INFO - Started process (PID=218) to work on /opt/airflow/dags/automation.py
[2026-07-28T08:46:57.086+0000] {processor.py:914} INFO - Processing file /opt/airflow/dags/automation.py for tasks to queue
[2026-07-28T08:46:57.089+0000] {logging_mixin.py:190} INFO - [2026-07-28T08:46:57.089+0000] {dagbag.py:588} INFO - Filling up the DagBag from /opt/airflow/dags/automation.py
[2026-07-28T08:46:57.110+0000] {processor.py:925} INFO - DAG(s) 'dlt_loading_dag' retrieved from /opt/airflow/dags/automation.py
[2026-07-28T08:46:57.132+0000] {logging_mixin.py:190} INFO - [2026-07-28T08:46:57.132+0000] {dag.py:3239} INFO - Sync 1 DAGs
[2026-07-28T08:46:57.144+0000] {logging_mixin.py:190} INFO - [2026-07-28T08:46:57.144+0000] {dag.py:4180} INFO - Setting next_dagrun for dlt_loading_dag to None, run_after=None
[2026-07-28T08:46:57.165+0000] {processor.py:208} INFO - Processing /opt/airflow/dags/automation.py took 0.085 seconds
[2026-07-28T08:47:27.498+0000] {processor.py:186} INFO - Started process (PID=223) to work on /opt/airflow/dags/automation.py
[2026-07-28T08:47:27.499+0000] {processor.py:914} INFO - Processing file /opt/airflow/dags/automation.py for tasks to queue
[2026-07-28T08:47:27.501+0000] {logging_mixin.py:190} INFO - [2026-07-28T08:47:27.501+0000] {dagbag.py:588} INFO - Filling up the DagBag from /opt/airflow/dags/automation.py
[2026-07-28T08:47:27.520+0000] {processor.py:925} INFO - DAG(s) 'dlt_loading_dag' retrieved from /opt/airflow/dags/automation.py
[2026-07-28T08:47:27.544+0000] {logging_mixin.py:190} INFO - [2026-07-28T08:47:27.544+0000] {dag.py:3239} INFO - Sync 1 DAGs
[2026-07-28T08:47:27.557+0000] {logging_mixin.py:190} INFO - [2026-07-28T08:47:27.556+0000] {dag.py:4180} INFO - Setting next_dagrun for dlt_loading_dag to None, run_after=None
[2026-07-28T08:47:27.577+0000] {processor.py:208} INFO - Processing /opt/airflow/dags/automation.py took 0.087 seconds
[2026-07-28T08:47:57.997+0000] {processor.py:186} INFO - Started process (PID=228) to work on /opt/airflow/dags/automation.py
[2026-07-28T08:47:57.999+0000] {processor.py:914} INFO - Processing file /opt/airflow/dags/automation.py for tasks to queue
[2026-07-28T08:47:58.001+0000] {logging_mixin.py:190} INFO - [2026-07-28T08:47:58.001+0000] {dagbag.py:588} INFO - Filling up the DagBag from /opt/airflow/dags/automation.py
[2026-07-28T08:47:58.021+0000] {processor.py:925} INFO - DAG(s) 'dlt_loading_dag' retrieved from /opt/airflow/dags/automation.py
[2026-07-28T08:47:58.041+0000] {logging_mixin.py:190} INFO - [2026-07-28T08:47:58.041+0000] {dag.py:3239} INFO - Sync 1 DAGs
[2026-07-28T08:47:58.053+0000] {logging_mixin.py:190} INFO - [2026-07-28T08:47:58.052+0000] {dag.py:4180} INFO - Setting next_dagrun for dlt_loading_dag to None, run_after=None
[2026-07-28T08:47:58.069+0000] {processor.py:208} INFO - Processing /opt/airflow/dags/automation.py took 0.077 seconds
[2026-07-28T08:48:28.388+0000] {processor.py:186} INFO - Started process (PID=233) to work on /opt/airflow/dags/automation.py
[2026-07-28T08:48:28.389+0000] {processor.py:914} INFO - Processing file /opt/airflow/dags/automation.py for tasks to queue
[2026-07-28T08:48:28.391+0000] {logging_mixin.py:190} INFO - [2026-07-28T08:48:28.391+0000] {dagbag.py:588} INFO - Filling up the DagBag from /opt/airflow/dags/automation.py
[2026-07-28T08:48:28.419+0000] {processor.py:925} INFO - DAG(s) 'dlt_loading_dag' retrieved from /opt/airflow/dags/automation.py
[2026-07-28T08:48:28.441+0000] {logging_mixin.py:190} INFO - [2026-07-28T08:48:28.441+0000] {dag.py:3239} INFO - Sync 1 DAGs
[2026-07-28T08:48:28.454+0000] {logging_mixin.py:190} INFO - [2026-07-28T08:48:28.454+0000] {dag.py:4180} INFO - Setting next_dagrun for dlt_loading_dag to None, run_after=None
[2026-07-28T08:48:28.473+0000] {processor.py:208} INFO - Processing /opt/airflow/dags/automation.py took 0.089 seconds
[2026-07-28T08:48:58.915+0000] {processor.py:186} INFO - Started process (PID=238) to work on /opt/airflow/dags/automation.py
[2026-07-28T08:48:58.917+0000] {processor.py:914} INFO - Processing file /opt/airflow/dags/automation.py for tasks to queue
[2026-07-28T08:48:58.919+0000] {logging_mixin.py:190} INFO - [2026-07-28T08:48:58.918+0000] {dagbag.py:588} INFO - Filling up the DagBag from /opt/airflow/dags/automation.py
[2026-07-28T08:48:58.941+0000] {processor.py:925} INFO - DAG(s) 'dlt_loading_dag' retrieved from /opt/airflow/dags/automation.py
[2026-07-28T08:48:58.962+0000] {logging_mixin.py:190} INFO - [2026-07-28T08:48:58.961+0000] {dag.py:3239} INFO - Sync 1 DAGs
[2026-07-28T08:48:58.972+0000] {logging_mixin.py:190} INFO - [2026-07-28T08:48:58.972+0000] {dag.py:4180} INFO - Setting next_dagrun for dlt_loading_dag to None, run_after=None
[2026-07-28T08:48:58.991+0000] {processor.py:208} INFO - Processing /opt/airflow/dags/automation.py took 0.079 seconds
[2026-07-28T08:49:29.334+0000] {processor.py:186} INFO - Started process (PID=243) to work on /opt/airflow/dags/automation.py
[2026-07-28T08:49:29.335+0000] {processor.py:914} INFO - Processing file /opt/airflow/dags/automation.py for tasks to queue
[2026-07-28T08:49:29.337+0000] {logging_mixin.py:190} INFO - [2026-07-28T08:49:29.337+0000] {dagbag.py:588} INFO - Filling up the DagBag from /opt/airflow/dags/automation.py
[2026-07-28T08:49:29.363+0000] {processor.py:925} INFO - DAG(s) 'dlt_loading_dag' retrieved from /opt/airflow/dags/automation.py
[2026-07-28T08:49:29.396+0000] {logging_mixin.py:190} INFO - [2026-07-28T08:49:29.396+0000] {dag.py:3239} INFO - Sync 1 DAGs
[2026-07-28T08:49:29.407+0000] {logging_mixin.py:190} INFO - [2026-07-28T08:49:29.407+0000] {dag.py:4180} INFO - Setting next_dagrun for dlt_loading_dag to None, run_after=None
[2026-07-28T08:49:29.425+0000] {processor.py:208} INFO - Processing /opt/airflow/dags/automation.py took 0.096 seconds
[2026-07-28T08:51:36.524+0000] {processor.py:186} INFO - Started process (PID=171) to work on /opt/airflow/dags/automation.py
[2026-07-28T08:51:36.525+0000] {processor.py:914} INFO - Processing file /opt/airflow/dags/automation.py for tasks to queue
[2026-07-28T08:51:36.528+0000] {logging_mixin.py:190} INFO - [2026-07-28T08:51:36.527+0000] {dagbag.py:588} INFO - Filling up the DagBag from /opt/airflow/dags/automation.py
[2026-07-28T08:51:36.591+0000] {processor.py:925} INFO - DAG(s) 'dlt_loading_dag' retrieved from /opt/airflow/dags/automation.py
[2026-07-28T08:51:36.918+0000] {logging_mixin.py:190} INFO - [2026-07-28T08:51:36.915+0000] {override.py:1912} INFO - Created Permission View: can delete on DAG:dlt_loading_dag
[2026-07-28T08:51:36.933+0000] {logging_mixin.py:190} INFO - [2026-07-28T08:51:36.933+0000] {override.py:1912} INFO - Created Permission View: can read on DAG:dlt_loading_dag
[2026-07-28T08:51:36.943+0000] {logging_mixin.py:190} INFO - [2026-07-28T08:51:36.943+0000] {override.py:1912} INFO - Created Permission View: can edit on DAG:dlt_loading_dag
[2026-07-28T08:51:36.955+0000] {logging_mixin.py:190} INFO - [2026-07-28T08:51:36.955+0000] {override.py:1912} INFO - Created Permission View: can delete on DAG Run:dlt_loading_dag
[2026-07-28T08:51:36.964+0000] {logging_mixin.py:190} INFO - [2026-07-28T08:51:36.964+0000] {override.py:1912} INFO - Created Permission View: can create on DAG Run:dlt_loading_dag
[2026-07-28T08:51:36.974+0000] {logging_mixin.py:190} INFO - [2026-07-28T08:51:36.973+0000] {override.py:1912} INFO - Created Permission View: can read on DAG Run:dlt_loading_dag
[2026-07-28T08:51:36.983+0000] {logging_mixin.py:190} INFO - [2026-07-28T08:51:36.983+0000] {override.py:1912} INFO - Created Permission View: menu access on DAG Run:dlt_loading_dag
[2026-07-28T08:51:36.984+0000] {logging_mixin.py:190} INFO - [2026-07-28T08:51:36.984+0000] {dag.py:3239} INFO - Sync 1 DAGs
[2026-07-28T08:51:37.000+0000] {logging_mixin.py:190} INFO - [2026-07-28T08:51:37.000+0000] {dag.py:3262} INFO - Creating ORM DAG for dlt_loading_dag
[2026-07-28T08:51:37.002+0000] {logging_mixin.py:190} INFO - [2026-07-28T08:51:37.001+0000] {dag.py:4180} INFO - Setting next_dagrun for dlt_loading_dag to None, run_after=None
[2026-07-28T08:51:37.028+0000] {processor.py:208} INFO - Processing /opt/airflow/dags/automation.py took 0.511 seconds
[2026-07-28T08:52:07.465+0000] {processor.py:186} INFO - Started process (PID=176) to work on /opt/airflow/dags/automation.py
[2026-07-28T08:52:07.467+0000] {processor.py:914} INFO - Processing file /opt/airflow/dags/automation.py for tasks to queue
[2026-07-28T08:52:07.470+0000] {logging_mixin.py:190} INFO - [2026-07-28T08:52:07.469+0000] {dagbag.py:588} INFO - Filling up the DagBag from /opt/airflow/dags/automation.py
[2026-07-28T08:52:07.492+0000] {processor.py:925} INFO - DAG(s) 'dlt_loading_dag' retrieved from /opt/airflow/dags/automation.py
[2026-07-28T08:52:07.516+0000] {logging_mixin.py:190} INFO - [2026-07-28T08:52:07.516+0000] {dag.py:3239} INFO - Sync 1 DAGs
[2026-07-28T08:52:07.529+0000] {logging_mixin.py:190} INFO - [2026-07-28T08:52:07.529+0000] {dag.py:4180} INFO - Setting next_dagrun for dlt_loading_dag to None, run_after=None
[2026-07-28T08:52:07.547+0000] {processor.py:208} INFO - Processing /opt/airflow/dags/automation.py took 0.088 seconds
[2026-07-28T08:52:37.921+0000] {processor.py:186} INFO - Started process (PID=184) to work on /opt/airflow/dags/automation.py
[2026-07-28T08:52:37.922+0000] {processor.py:914} INFO - Processing file /opt/airflow/dags/automation.py for tasks to queue
[2026-07-28T08:52:37.924+0000] {logging_mixin.py:190} INFO - [2026-07-28T08:52:37.924+0000] {dagbag.py:588} INFO - Filling up the DagBag from /opt/airflow/dags/automation.py
[2026-07-28T08:52:37.943+0000] {processor.py:925} INFO - DAG(s) 'dlt_loading_dag' retrieved from /opt/airflow/dags/automation.py
[2026-07-28T08:52:37.963+0000] {logging_mixin.py:190} INFO - [2026-07-28T08:52:37.963+0000] {dag.py:3239} INFO - Sync 1 DAGs
[2026-07-28T08:52:37.974+0000] {logging_mixin.py:190} INFO - [2026-07-28T08:52:37.973+0000] {dag.py:4180} INFO - Setting next_dagrun for dlt_loading_dag to None, run_after=None
[2026-07-28T08:52:37.991+0000] {processor.py:208} INFO - Processing /opt/airflow/dags/automation.py took 0.074 seconds
[2026-07-28T08:53:08.350+0000] {processor.py:186} INFO - Started process (PID=189) to work on /opt/airflow/dags/automation.py
[2026-07-28T08:53:08.351+0000] {processor.py:914} INFO - Processing file /opt/airflow/dags/automation.py for tasks to queue
[2026-07-28T08:53:08.353+0000] {logging_mixin.py:190} INFO - [2026-07-28T08:53:08.353+0000] {dagbag.py:588} INFO - Filling up the DagBag from /opt/airflow/dags/automation.py
[2026-07-28T08:53:08.375+0000] {processor.py:925} INFO - DAG(s) 'dlt_loading_dag' retrieved from /opt/airflow/dags/automation.py
[2026-07-28T08:53:08.401+0000] {logging_mixin.py:190} INFO - [2026-07-28T08:53:08.401+0000] {dag.py:3239} INFO - Sync 1 DAGs
[2026-07-28T08:53:08.414+0000] {logging_mixin.py:190} INFO - [2026-07-28T08:53:08.414+0000] {dag.py:4180} INFO - Setting next_dagrun for dlt_loading_dag to None, run_after=None
[2026-07-28T08:53:08.434+0000] {processor.py:208} INFO - Processing /opt/airflow/dags/automation.py took 0.089 seconds
[2026-07-28T08:53:38.765+0000] {processor.py:186} INFO - Started process (PID=194) to work on /opt/airflow/dags/automation.py
[2026-07-28T08:53:38.766+0000] {processor.py:914} INFO - Processing file /opt/airflow/dags/automation.py for tasks to queue
[2026-07-28T08:53:38.768+0000] {logging_mixin.py:190} INFO - [2026-07-28T08:53:38.767+0000] {dagbag.py:588} INFO - Filling up the DagBag from /opt/airflow/dags/automation.py
[2026-07-28T08:53:38.782+0000] {processor.py:925} INFO - DAG(s) 'dlt_loading_dag' retrieved from /opt/airflow/dags/automation.py
[2026-07-28T08:53:38.801+0000] {logging_mixin.py:190} INFO - [2026-07-28T08:53:38.801+0000] {dag.py:3239} INFO - Sync 1 DAGs
[2026-07-28T08:53:38.812+0000] {logging_mixin.py:190} INFO - [2026-07-28T08:53:38.812+0000] {dag.py:4180} INFO - Setting next_dagrun for dlt_loading_dag to None, run_after=None
[2026-07-28T08:53:38.830+0000] {processor.py:208} INFO - Processing /opt/airflow/dags/automation.py took 0.069 seconds
[2026-07-28T08:54:09.262+0000] {processor.py:186} INFO - Started process (PID=199) to work on /opt/airflow/dags/automation.py
[2026-07-28T08:54:09.263+0000] {processor.py:914} INFO - Processing file /opt/airflow/dags/automation.py for tasks to queue
[2026-07-28T08:54:09.265+0000] {logging_mixin.py:190} INFO - [2026-07-28T08:54:09.265+0000] {dagbag.py:588} INFO - Filling up the DagBag from /opt/airflow/dags/automation.py
[2026-07-28T08:54:09.286+0000] {processor.py:925} INFO - DAG(s) 'dlt_loading_dag' retrieved from /opt/airflow/dags/automation.py
[2026-07-28T08:54:09.303+0000] {logging_mixin.py:190} INFO - [2026-07-28T08:54:09.303+0000] {dag.py:3239} INFO - Sync 1 DAGs
[2026-07-28T08:54:09.314+0000] {logging_mixin.py:190} INFO - [2026-07-28T08:54:09.313+0000] {dag.py:4180} INFO - Setting next_dagrun for dlt_loading_dag to None, run_after=None
[2026-07-28T08:54:09.332+0000] {processor.py:208} INFO - Processing /opt/airflow/dags/automation.py took 0.074 seconds
[2026-07-28T08:54:39.727+0000] {processor.py:186} INFO - Started process (PID=204) to work on /opt/airflow/dags/automation.py
[2026-07-28T08:54:39.728+0000] {processor.py:914} INFO - Processing file /opt/airflow/dags/automation.py for tasks to queue
[2026-07-28T08:54:39.730+0000] {logging_mixin.py:190} INFO - [2026-07-28T08:54:39.730+0000] {dagbag.py:588} INFO - Filling up the DagBag from /opt/airflow/dags/automation.py
[2026-07-28T08:54:39.751+0000] {processor.py:925} INFO - DAG(s) 'dlt_loading_dag' retrieved from /opt/airflow/dags/automation.py
[2026-07-28T08:54:39.770+0000] {logging_mixin.py:190} INFO - [2026-07-28T08:54:39.770+0000] {dag.py:3239} INFO - Sync 1 DAGs
[2026-07-28T08:54:39.780+0000] {logging_mixin.py:190} INFO - [2026-07-28T08:54:39.780+0000] {dag.py:4180} INFO - Setting next_dagrun for dlt_loading_dag to None, run_after=None
[2026-07-28T08:54:39.796+0000] {processor.py:208} INFO - Processing /opt/airflow/dags/automation.py took 0.075 seconds
[2026-07-28T08:55:10.278+0000] {processor.py:186} INFO - Started process (PID=209) to work on /opt/airflow/dags/automation.py
[2026-07-28T08:55:10.279+0000] {processor.py:914} INFO - Processing file /opt/airflow/dags/automation.py for tasks to queue
[2026-07-28T08:55:10.281+0000] {logging_mixin.py:190} INFO - [2026-07-28T08:55:10.281+0000] {dagbag.py:588} INFO - Filling up the DagBag from /opt/airflow/dags/automation.py
[2026-07-28T08:55:10.314+0000] {processor.py:925} INFO - DAG(s) 'dlt_loading_dag' retrieved from /opt/airflow/dags/automation.py
[2026-07-28T08:55:10.340+0000] {logging_mixin.py:190} INFO - [2026-07-28T08:55:10.340+0000] {dag.py:3239} INFO - Sync 1 DAGs
[2026-07-28T08:55:10.351+0000] {logging_mixin.py:190} INFO - [2026-07-28T08:55:10.351+0000] {dag.py:4180} INFO - Setting next_dagrun for dlt_loading_dag to None, run_after=None
[2026-07-28T08:55:10.370+0000] {processor.py:208} INFO - Processing /opt/airflow/dags/automation.py took 0.100 seconds
[2026-07-28T08:55:40.712+0000] {processor.py:186} INFO - Started process (PID=214) to work on /opt/airflow/dags/automation.py
[2026-07-28T08:55:40.713+0000] {processor.py:914} INFO - Processing file /opt/airflow/dags/automation.py for tasks to queue
[2026-07-28T08:55:40.715+0000] {logging_mixin.py:190} INFO - [2026-07-28T08:55:40.715+0000] {dagbag.py:588} INFO - Filling up the DagBag from /opt/airflow/dags/automation.py
[2026-07-28T08:55:40.733+0000] {processor.py:925} INFO - DAG(s) 'dlt_loading_dag' retrieved from /opt/airflow/dags/automation.py
[2026-07-28T08:55:40.759+0000] {logging_mixin.py:190} INFO - [2026-07-28T08:55:40.759+0000] {dag.py:3239} INFO - Sync 1 DAGs
[2026-07-28T08:55:40.770+0000] {logging_mixin.py:190} INFO - [2026-07-28T08:55:40.770+0000] {dag.py:4180} INFO - Setting next_dagrun for dlt_loading_dag to None, run_after=None
[2026-07-28T08:55:40.788+0000] {processor.py:208} INFO - Processing /opt/airflow/dags/automation.py took 0.080 seconds
[2026-07-28T08:56:11.290+0000] {processor.py:186} INFO - Started process (PID=219) to work on /opt/airflow/dags/automation.py
[2026-07-28T08:56:11.291+0000] {processor.py:914} INFO - Processing file /opt/airflow/dags/automation.py for tasks to queue
[2026-07-28T08:56:11.294+0000] {logging_mixin.py:190} INFO - [2026-07-28T08:56:11.293+0000] {dagbag.py:588} INFO - Filling up the DagBag from /opt/airflow/dags/automation.py
[2026-07-28T08:56:11.319+0000] {processor.py:925} INFO - DAG(s) 'dlt_loading_dag' retrieved from /opt/airflow/dags/automation.py
[2026-07-28T08:56:11.346+0000] {logging_mixin.py:190} INFO - [2026-07-28T08:56:11.346+0000] {dag.py:3239} INFO - Sync 1 DAGs
[2026-07-28T08:56:11.358+0000] {logging_mixin.py:190} INFO - [2026-07-28T08:56:11.358+0000] {dag.py:4180} INFO - Setting next_dagrun for dlt_loading_dag to None, run_after=None
[2026-07-28T08:56:11.373+0000] {processor.py:208} INFO - Processing /opt/airflow/dags/automation.py took 0.087 seconds
[2026-07-28T08:56:41.839+0000] {processor.py:186} INFO - Started process (PID=224) to work on /opt/airflow/dags/automation.py
[2026-07-28T08:56:41.841+0000] {processor.py:914} INFO - Processing file /opt/airflow/dags/automation.py for tasks to queue
[2026-07-28T08:56:41.843+0000] {logging_mixin.py:190} INFO - [2026-07-28T08:56:41.842+0000] {dagbag.py:588} INFO - Filling up the DagBag from /opt/airflow/dags/automation.py
[2026-07-28T08:56:41.866+0000] {processor.py:925} INFO - DAG(s) 'dlt_loading_dag' retrieved from /opt/airflow/dags/automation.py
[2026-07-28T08:56:41.887+0000] {logging_mixin.py:190} INFO - [2026-07-28T08:56:41.887+0000] {dag.py:3239} INFO - Sync 1 DAGs
[2026-07-28T08:56:41.904+0000] {logging_mixin.py:190} INFO - [2026-07-28T08:56:41.904+0000] {dag.py:4180} INFO - Setting next_dagrun for dlt_loading_dag to None, run_after=None
[2026-07-28T08:56:41.922+0000] {processor.py:208} INFO - Processing /opt/airflow/dags/automation.py took 0.088 seconds
[2026-07-28T08:57:12.389+0000] {processor.py:186} INFO - Started process (PID=229) to work on /opt/airflow/dags/automation.py
[2026-07-28T08:57:12.390+0000] {processor.py:914} INFO - Processing file /opt/airflow/dags/automation.py for tasks to queue
[2026-07-28T08:57:12.392+0000] {logging_mixin.py:190} INFO - [2026-07-28T08:57:12.392+0000] {dagbag.py:588} INFO - Filling up the DagBag from /opt/airflow/dags/automation.py
[2026-07-28T08:57:12.419+0000] {processor.py:925} INFO - DAG(s) 'dlt_loading_dag' retrieved from /opt/airflow/dags/automation.py
[2026-07-28T08:57:12.440+0000] {logging_mixin.py:190} INFO - [2026-07-28T08:57:12.439+0000] {dag.py:3239} INFO - Sync 1 DAGs
[2026-07-28T08:57:12.452+0000] {logging_mixin.py:190} INFO - [2026-07-28T08:57:12.452+0000] {dag.py:4180} INFO - Setting next_dagrun for dlt_loading_dag to None, run_after=None
[2026-07-28T08:57:12.474+0000] {processor.py:208} INFO - Processing /opt/airflow/dags/automation.py took 0.090 seconds
[2026-07-28T08:57:42.916+0000] {processor.py:186} INFO - Started process (PID=234) to work on /opt/airflow/dags/automation.py
[2026-07-28T08:57:42.918+0000] {processor.py:914} INFO - Processing file /opt/airflow/dags/automation.py for tasks to queue
[2026-07-28T08:57:42.920+0000] {logging_mixin.py:190} INFO - [2026-07-28T08:57:42.920+0000] {dagbag.py:588} INFO - Filling up the DagBag from /opt/airflow/dags/automation.py
[2026-07-28T08:57:42.950+0000] {processor.py:925} INFO - DAG(s) 'dlt_loading_dag' retrieved from /opt/airflow/dags/automation.py
[2026-07-28T08:57:42.970+0000] {logging_mixin.py:190} INFO - [2026-07-28T08:57:42.970+0000] {dag.py:3239} INFO - Sync 1 DAGs
[2026-07-28T08:57:42.982+0000] {logging_mixin.py:190} INFO - [2026-07-28T08:57:42.982+0000] {dag.py:4180} INFO - Setting next_dagrun for dlt_loading_dag to None, run_after=None
[2026-07-28T08:57:43.006+0000] {processor.py:208} INFO - Processing /opt/airflow/dags/automation.py took 0.097 seconds
[2026-07-28T08:58:13.436+0000] {processor.py:186} INFO - Started process (PID=239) to work on /opt/airflow/dags/automation.py
[2026-07-28T08:58:13.437+0000] {processor.py:914} INFO - Processing file /opt/airflow/dags/automation.py for tasks to queue
[2026-07-28T08:58:13.439+0000] {logging_mixin.py:190} INFO - [2026-07-28T08:58:13.439+0000] {dagbag.py:588} INFO - Filling up the DagBag from /opt/airflow/dags/automation.py
[2026-07-28T08:58:13.461+0000] {processor.py:925} INFO - DAG(s) 'dlt_loading_dag' retrieved from /opt/airflow/dags/automation.py
[2026-07-28T08:58:13.480+0000] {logging_mixin.py:190} INFO - [2026-07-28T08:58:13.480+0000] {dag.py:3239} INFO - Sync 1 DAGs
[2026-07-28T08:58:13.491+0000] {logging_mixin.py:190} INFO - [2026-07-28T08:58:13.491+0000] {dag.py:4180} INFO - Setting next_dagrun for dlt_loading_dag to None, run_after=None
[2026-07-28T08:58:13.510+0000] {processor.py:208} INFO - Processing /opt/airflow/dags/automation.py took 0.079 seconds
[2026-07-28T08:58:43.952+0000] {processor.py:186} INFO - Started process (PID=244) to work on /opt/airflow/dags/automation.py
[2026-07-28T08:58:43.953+0000] {processor.py:914} INFO - Processing file /opt/airflow/dags/automation.py for tasks to queue
[2026-07-28T08:58:43.955+0000] {logging_mixin.py:190} INFO - [2026-07-28T08:58:43.955+0000] {dagbag.py:588} INFO - Filling up the DagBag from /opt/airflow/dags/automation.py
[2026-07-28T08:58:43.976+0000] {processor.py:925} INFO - DAG(s) 'dlt_loading_dag' retrieved from /opt/airflow/dags/automation.py
[2026-07-28T08:58:43.995+0000] {logging_mixin.py:190} INFO - [2026-07-28T08:58:43.995+0000] {dag.py:3239} INFO - Sync 1 DAGs
[2026-07-28T08:58:44.006+0000] {logging_mixin.py:190} INFO - [2026-07-28T08:58:44.006+0000] {dag.py:4180} INFO - Setting next_dagrun for dlt_loading_dag to None, run_after=None
[2026-07-28T08:58:44.024+0000] {processor.py:208} INFO - Processing /opt/airflow/dags/automation.py took 0.077 seconds
[2026-07-28T08:59:14.591+0000] {processor.py:186} INFO - Started process (PID=249) to work on /opt/airflow/dags/automation.py
[2026-07-28T08:59:14.594+0000] {processor.py:914} INFO - Processing file /opt/airflow/dags/automation.py for tasks to queue
[2026-07-28T08:59:14.599+0000] {logging_mixin.py:190} INFO - [2026-07-28T08:59:14.598+0000] {dagbag.py:588} INFO - Filling up the DagBag from /opt/airflow/dags/automation.py
[2026-07-28T08:59:14.728+0000] {processor.py:925} INFO - DAG(s) 'dlt_loading_dag' retrieved from /opt/airflow/dags/automation.py
[2026-07-28T08:59:14.776+0000] {logging_mixin.py:190} INFO - [2026-07-28T08:59:14.776+0000] {dag.py:3239} INFO - Sync 1 DAGs
[2026-07-28T08:59:14.807+0000] {logging_mixin.py:190} INFO - [2026-07-28T08:59:14.807+0000] {dag.py:4180} INFO - Setting next_dagrun for dlt_loading_dag to None, run_after=None
[2026-07-28T08:59:14.848+0000] {processor.py:208} INFO - Processing /opt/airflow/dags/automation.py took 0.263 seconds
[2026-07-28T08:59:44.996+0000] {processor.py:186} INFO - Started process (PID=254) to work on /opt/airflow/dags/automation.py
[2026-07-28T08:59:44.998+0000] {processor.py:914} INFO - Processing file /opt/airflow/dags/automation.py for tasks to queue
[2026-07-28T08:59:45.000+0000] {logging_mixin.py:190} INFO - [2026-07-28T08:59:45.000+0000] {dagbag.py:588} INFO - Filling up the DagBag from /opt/airflow/dags/automation.py
[2026-07-28T08:59:45.028+0000] {processor.py:925} INFO - DAG(s) 'dlt_loading_dag' retrieved from /opt/airflow/dags/automation.py
[2026-07-28T08:59:45.051+0000] {logging_mixin.py:190} INFO - [2026-07-28T08:59:45.051+0000] {dag.py:3239} INFO - Sync 1 DAGs
[2026-07-28T08:59:45.065+0000] {logging_mixin.py:190} INFO - [2026-07-28T08:59:45.064+0000] {dag.py:4180} INFO - Setting next_dagrun for dlt_loading_dag to None, run_after=None
[2026-07-28T08:59:45.080+0000] {processor.py:208} INFO - Processing /opt/airflow/dags/automation.py took 0.090 seconds
[2026-07-28T09:00:15.511+0000] {processor.py:186} INFO - Started process (PID=259) to work on /opt/airflow/dags/automation.py
[2026-07-28T09:00:15.513+0000] {processor.py:914} INFO - Processing file /opt/airflow/dags/automation.py for tasks to queue
[2026-07-28T09:00:15.515+0000] {logging_mixin.py:190} INFO - [2026-07-28T09:00:15.515+0000] {dagbag.py:588} INFO - Filling up the DagBag from /opt/airflow/dags/automation.py
[2026-07-28T09:00:15.537+0000] {processor.py:925} INFO - DAG(s) 'dlt_loading_dag' retrieved from /opt/airflow/dags/automation.py
[2026-07-28T09:00:15.555+0000] {logging_mixin.py:190} INFO - [2026-07-28T09:00:15.554+0000] {dag.py:3239} INFO - Sync 1 DAGs
[2026-07-28T09:00:15.567+0000] {logging_mixin.py:190} INFO - [2026-07-28T09:00:15.567+0000] {dag.py:4180} INFO - Setting next_dagrun for dlt_loading_dag to None, run_after=None
[2026-07-28T09:00:15.584+0000] {processor.py:208} INFO - Processing /opt/airflow/dags/automation.py took 0.077 seconds
[2026-07-28T09:00:46.041+0000] {processor.py:186} INFO - Started process (PID=264) to work on /opt/airflow/dags/automation.py
[2026-07-28T09:00:46.043+0000] {processor.py:914} INFO - Processing file /opt/airflow/dags/automation.py for tasks to queue
[2026-07-28T09:00:46.046+0000] {logging_mixin.py:190} INFO - [2026-07-28T09:00:46.045+0000] {dagbag.py:588} INFO - Filling up the DagBag from /opt/airflow/dags/automation.py
[2026-07-28T09:00:46.083+0000] {processor.py:925} INFO - DAG(s) 'dlt_loading_dag' retrieved from /opt/airflow/dags/automation.py
[2026-07-28T09:00:46.106+0000] {logging_mixin.py:190} INFO - [2026-07-28T09:00:46.105+0000] {dag.py:3239} INFO - Sync 1 DAGs
[2026-07-28T09:00:46.116+0000] {logging_mixin.py:190} INFO - [2026-07-28T09:00:46.116+0000] {dag.py:4180} INFO - Setting next_dagrun for dlt_loading_dag to None, run_after=None
[2026-07-28T09:00:46.135+0000] {processor.py:208} INFO - Processing /opt/airflow/dags/automation.py took 0.099 seconds
[2026-07-28T09:01:16.539+0000] {processor.py:186} INFO - Started process (PID=269) to work on /opt/airflow/dags/automation.py
[2026-07-28T09:01:16.541+0000] {processor.py:914} INFO - Processing file /opt/airflow/dags/automation.py for tasks to queue
[2026-07-28T09:01:16.544+0000] {logging_mixin.py:190} INFO - [2026-07-28T09:01:16.544+0000] {dagbag.py:588} INFO - Filling up the DagBag from /opt/airflow/dags/automation.py
[2026-07-28T09:01:16.587+0000] {processor.py:925} INFO - DAG(s) 'dlt_loading_dag' retrieved from /opt/airflow/dags/automation.py
[2026-07-28T09:01:16.609+0000] {logging_mixin.py:190} INFO - [2026-07-28T09:01:16.609+0000] {dag.py:3239} INFO - Sync 1 DAGs
[2026-07-28T09:01:16.626+0000] {logging_mixin.py:190} INFO - [2026-07-28T09:01:16.625+0000] {dag.py:4180} INFO - Setting next_dagrun for dlt_loading_dag to None, run_after=None
[2026-07-28T09:01:16.644+0000] {processor.py:208} INFO - Processing /opt/airflow/dags/automation.py took 0.112 seconds
[2026-07-28T09:01:47.165+0000] {processor.py:186} INFO - Started process (PID=274) to work on /opt/airflow/dags/automation.py
[2026-07-28T09:01:47.166+0000] {processor.py:914} INFO - Processing file /opt/airflow/dags/automation.py for tasks to queue
[2026-07-28T09:01:47.168+0000] {logging_mixin.py:190} INFO - [2026-07-28T09:01:47.168+0000] {dagbag.py:588} INFO - Filling up the DagBag from /opt/airflow/dags/automation.py
[2026-07-28T09:01:47.196+0000] {processor.py:925} INFO - DAG(s) 'dlt_loading_dag' retrieved from /opt/airflow/dags/automation.py
[2026-07-28T09:01:47.215+0000] {logging_mixin.py:190} INFO - [2026-07-28T09:01:47.215+0000] {dag.py:3239} INFO - Sync 1 DAGs
[2026-07-28T09:01:47.226+0000] {logging_mixin.py:190} INFO - [2026-07-28T09:01:47.226+0000] {dag.py:4180} INFO - Setting next_dagrun for dlt_loading_dag to None, run_after=None
[2026-07-28T09:01:47.246+0000] {processor.py:208} INFO - Processing /opt/airflow/dags/automation.py took 0.084 seconds
[2026-07-28T09:02:17.759+0000] {processor.py:186} INFO - Started process (PID=279) to work on /opt/airflow/dags/automation.py
[2026-07-28T09:02:17.761+0000] {processor.py:914} INFO - Processing file /opt/airflow/dags/automation.py for tasks to queue
[2026-07-28T09:02:17.763+0000] {logging_mixin.py:190} INFO - [2026-07-28T09:02:17.763+0000] {dagbag.py:588} INFO - Filling up the DagBag from /opt/airflow/dags/automation.py
[2026-07-28T09:02:17.790+0000] {processor.py:925} INFO - DAG(s) 'dlt_loading_dag' retrieved from /opt/airflow/dags/automation.py
[2026-07-28T09:02:17.810+0000] {logging_mixin.py:190} INFO - [2026-07-28T09:02:17.810+0000] {dag.py:3239} INFO - Sync 1 DAGs
[2026-07-28T09:02:17.821+0000] {logging_mixin.py:190} INFO - [2026-07-28T09:02:17.821+0000] {dag.py:4180} INFO - Setting next_dagrun for dlt_loading_dag to None, run_after=None
[2026-07-28T09:02:17.842+0000] {processor.py:208} INFO - Processing /opt/airflow/dags/automation.py took 0.087 seconds
[2026-07-28T09:02:48.233+0000] {processor.py:186} INFO - Started process (PID=284) to work on /opt/airflow/dags/automation.py
[2026-07-28T09:02:48.235+0000] {processor.py:914} INFO - Processing file /opt/airflow/dags/automation.py for tasks to queue
[2026-07-28T09:02:48.238+0000] {logging_mixin.py:190} INFO - [2026-07-28T09:02:48.238+0000] {dagbag.py:588} INFO - Filling up the DagBag from /opt/airflow/dags/automation.py
[2026-07-28T09:02:48.286+0000] {processor.py:925} INFO - DAG(s) 'dlt_loading_dag' retrieved from /opt/airflow/dags/automation.py
[2026-07-28T09:02:48.349+0000] {logging_mixin.py:190} INFO - [2026-07-28T09:02:48.349+0000] {dag.py:3239} INFO - Sync 1 DAGs
[2026-07-28T09:02:48.368+0000] {logging_mixin.py:190} INFO - [2026-07-28T09:02:48.368+0000] {dag.py:4180} INFO - Setting next_dagrun for dlt_loading_dag to None, run_after=None
[2026-07-28T09:02:48.390+0000] {processor.py:208} INFO - Processing /opt/airflow/dags/automation.py took 0.180 seconds
[2026-07-28T09:03:18.738+0000] {processor.py:186} INFO - Started process (PID=289) to work on /opt/airflow/dags/automation.py
[2026-07-28T09:03:18.739+0000] {processor.py:914} INFO - Processing file /opt/airflow/dags/automation.py for tasks to queue
[2026-07-28T09:03:18.742+0000] {logging_mixin.py:190} INFO - [2026-07-28T09:03:18.742+0000] {dagbag.py:588} INFO - Filling up the DagBag from /opt/airflow/dags/automation.py
[2026-07-28T09:03:18.780+0000] {processor.py:925} INFO - DAG(s) 'dlt_loading_dag' retrieved from /opt/airflow/dags/automation.py
[2026-07-28T09:03:18.800+0000] {logging_mixin.py:190} INFO - [2026-07-28T09:03:18.799+0000] {dag.py:3239} INFO - Sync 1 DAGs
[2026-07-28T09:03:18.810+0000] {logging_mixin.py:190} INFO - [2026-07-28T09:03:18.810+0000] {dag.py:4180} INFO - Setting next_dagrun for dlt_loading_dag to None, run_after=None
[2026-07-28T09:03:18.835+0000] {processor.py:208} INFO - Processing /opt/airflow/dags/automation.py took 0.103 seconds
[2026-07-28T09:03:49.274+0000] {processor.py:186} INFO - Started process (PID=294) to work on /opt/airflow/dags/automation.py
[2026-07-28T09:03:49.275+0000] {processor.py:914} INFO - Processing file /opt/airflow/dags/automation.py for tasks to queue
[2026-07-28T09:03:49.280+0000] {logging_mixin.py:190} INFO - [2026-07-28T09:03:49.279+0000] {dagbag.py:588} INFO - Filling up the DagBag from /opt/airflow/dags/automation.py
[2026-07-28T09:03:49.308+0000] {processor.py:925} INFO - DAG(s) 'dlt_loading_dag' retrieved from /opt/airflow/dags/automation.py
[2026-07-28T09:03:49.354+0000] {logging_mixin.py:190} INFO - [2026-07-28T09:03:49.354+0000] {dag.py:3239} INFO - Sync 1 DAGs
[2026-07-28T09:03:49.377+0000] {logging_mixin.py:190} INFO - [2026-07-28T09:03:49.376+0000] {dag.py:4180} INFO - Setting next_dagrun for dlt_loading_dag to None, run_after=None
[2026-07-28T09:03:49.403+0000] {processor.py:208} INFO - Processing /opt/airflow/dags/automation.py took 0.138 seconds
[2026-07-28T09:04:20.064+0000] {processor.py:186} INFO - Started process (PID=299) to work on /opt/airflow/dags/automation.py
[2026-07-28T09:04:20.065+0000] {processor.py:914} INFO - Processing file /opt/airflow/dags/automation.py for tasks to queue
[2026-07-28T09:04:20.067+0000] {logging_mixin.py:190} INFO - [2026-07-28T09:04:20.066+0000] {dagbag.py:588} INFO - Filling up the DagBag from /opt/airflow/dags/automation.py
[2026-07-28T09:04:20.090+0000] {processor.py:925} INFO - DAG(s) 'dlt_loading_dag' retrieved from /opt/airflow/dags/automation.py
[2026-07-28T09:04:20.112+0000] {logging_mixin.py:190} INFO - [2026-07-28T09:04:20.112+0000] {dag.py:3239} INFO - Sync 1 DAGs
[2026-07-28T09:04:20.126+0000] {logging_mixin.py:190} INFO - [2026-07-28T09:04:20.126+0000] {dag.py:4180} INFO - Setting next_dagrun for dlt_loading_dag to None, run_after=None
[2026-07-28T09:04:20.150+0000] {processor.py:208} INFO - Processing /opt/airflow/dags/automation.py took 0.091 seconds
[2026-07-28T09:04:50.544+0000] {processor.py:186} INFO - Started process (PID=304) to work on /opt/airflow/dags/automation.py
[2026-07-28T09:04:50.545+0000] {processor.py:914} INFO - Processing file /opt/airflow/dags/automation.py for tasks to queue
[2026-07-28T09:04:50.547+0000] {logging_mixin.py:190} INFO - [2026-07-28T09:04:50.547+0000] {dagbag.py:588} INFO - Filling up the DagBag from /opt/airflow/dags/automation.py
[2026-07-28T09:04:50.556+0000] {processor.py:925} INFO - DAG(s) 'dlt_loading_dag' retrieved from /opt/airflow/dags/automation.py
[2026-07-28T09:04:50.574+0000] {logging_mixin.py:190} INFO - [2026-07-28T09:04:50.574+0000] {dag.py:3239} INFO - Sync 1 DAGs
[2026-07-28T09:04:50.587+0000] {logging_mixin.py:190} INFO - [2026-07-28T09:04:50.586+0000] {dag.py:4180} INFO - Setting next_dagrun for dlt_loading_dag to None, run_after=None
[2026-07-28T09:04:50.610+0000] {processor.py:208} INFO - Processing /opt/airflow/dags/automation.py took 0.069 seconds
[2026-07-28T09:05:21.104+0000] {processor.py:186} INFO - Started process (PID=309) to work on /opt/airflow/dags/automation.py
[2026-07-28T09:05:21.106+0000] {processor.py:914} INFO - Processing file /opt/airflow/dags/automation.py for tasks to queue
[2026-07-28T09:05:21.108+0000] {logging_mixin.py:190} INFO - [2026-07-28T09:05:21.107+0000] {dagbag.py:588} INFO - Filling up the DagBag from /opt/airflow/dags/automation.py
[2026-07-28T09:05:21.133+0000] {processor.py:925} INFO - DAG(s) 'dlt_loading_dag' retrieved from /opt/airflow/dags/automation.py
[2026-07-28T09:05:21.155+0000] {logging_mixin.py:190} INFO - [2026-07-28T09:05:21.155+0000] {dag.py:3239} INFO - Sync 1 DAGs
[2026-07-28T09:05:21.167+0000] {logging_mixin.py:190} INFO - [2026-07-28T09:05:21.167+0000] {dag.py:4180} INFO - Setting next_dagrun for dlt_loading_dag to None, run_after=None
[2026-07-28T09:05:21.183+0000] {processor.py:208} INFO - Processing /opt/airflow/dags/automation.py took 0.083 seconds
[2026-07-28T09:05:51.716+0000] {processor.py:186} INFO - Started process (PID=314) to work on /opt/airflow/dags/automation.py
[2026-07-28T09:05:51.717+0000] {processor.py:914} INFO - Processing file /opt/airflow/dags/automation.py for tasks to queue
[2026-07-28T09:05:51.719+0000] {logging_mixin.py:190} INFO - [2026-07-28T09:05:51.719+0000] {dagbag.py:588} INFO - Filling up the DagBag from /opt/airflow/dags/automation.py
[2026-07-28T09:05:51.741+0000] {processor.py:925} INFO - DAG(s) 'dlt_loading_dag' retrieved from /opt/airflow/dags/automation.py
[2026-07-28T09:05:51.759+0000] {logging_mixin.py:190} INFO - [2026-07-28T09:05:51.759+0000] {dag.py:3239} INFO - Sync 1 DAGs
[2026-07-28T09:05:51.776+0000] {logging_mixin.py:190} INFO - [2026-07-28T09:05:51.775+0000] {dag.py:4180} INFO - Setting next_dagrun for dlt_loading_dag to None, run_after=None
[2026-07-28T09:05:51.802+0000] {processor.py:208} INFO - Processing /opt/airflow/dags/automation.py took 0.091 seconds
[2026-07-28T09:06:22.205+0000] {processor.py:186} INFO - Started process (PID=319) to work on /opt/airflow/dags/automation.py
[2026-07-28T09:06:22.206+0000] {processor.py:914} INFO - Processing file /opt/airflow/dags/automation.py for tasks to queue
[2026-07-28T09:06:22.208+0000] {logging_mixin.py:190} INFO - [2026-07-28T09:06:22.208+0000] {dagbag.py:588} INFO - Filling up the DagBag from /opt/airflow/dags/automation.py
[2026-07-28T09:06:22.246+0000] {processor.py:925} INFO - DAG(s) 'dlt_loading_dag' retrieved from /opt/airflow/dags/automation.py
[2026-07-28T09:06:22.266+0000] {logging_mixin.py:190} INFO - [2026-07-28T09:06:22.265+0000] {dag.py:3239} INFO - Sync 1 DAGs
[2026-07-28T09:06:22.276+0000] {logging_mixin.py:190} INFO - [2026-07-28T09:06:22.276+0000] {dag.py:4180} INFO - Setting next_dagrun for dlt_loading_dag to None, run_after=None
[2026-07-28T09:06:22.293+0000] {processor.py:208} INFO - Processing /opt/airflow/dags/automation.py took 0.094 seconds
[2026-07-28T09:06:52.863+0000] {processor.py:186} INFO - Started process (PID=324) to work on /opt/airflow/dags/automation.py
[2026-07-28T09:06:52.864+0000] {processor.py:914} INFO - Processing file /opt/airflow/dags/automation.py for tasks to queue
[2026-07-28T09:06:52.866+0000] {logging_mixin.py:190} INFO - [2026-07-28T09:06:52.866+0000] {dagbag.py:588} INFO - Filling up the DagBag from /opt/airflow/dags/automation.py
[2026-07-28T09:06:52.895+0000] {processor.py:925} INFO - DAG(s) 'dlt_loading_dag' retrieved from /opt/airflow/dags/automation.py
[2026-07-28T09:06:52.919+0000] {logging_mixin.py:190} INFO - [2026-07-28T09:06:52.919+0000] {dag.py:3239} INFO - Sync 1 DAGs
[2026-07-28T09:06:52.939+0000] {logging_mixin.py:190} INFO - [2026-07-28T09:06:52.939+0000] {dag.py:4180} INFO - Setting next_dagrun for dlt_loading_dag to None, run_after=None
[2026-07-28T09:06:52.958+0000] {processor.py:208} INFO - Processing /opt/airflow/dags/automation.py took 0.101 seconds
[2026-07-28T09:07:23.337+0000] {processor.py:186} INFO - Started process (PID=329) to work on /opt/airflow/dags/automation.py
[2026-07-28T09:07:23.338+0000] {processor.py:914} INFO - Processing file /opt/airflow/dags/automation.py for tasks to queue
[2026-07-28T09:07:23.341+0000] {logging_mixin.py:190} INFO - [2026-07-28T09:07:23.340+0000] {dagbag.py:588} INFO - Filling up the DagBag from /opt/airflow/dags/automation.py
[2026-07-28T09:07:23.360+0000] {processor.py:925} INFO - DAG(s) 'dlt_loading_dag' retrieved from /opt/airflow/dags/automation.py
[2026-07-28T09:07:23.378+0000] {logging_mixin.py:190} INFO - [2026-07-28T09:07:23.377+0000] {dag.py:3239} INFO - Sync 1 DAGs
[2026-07-28T09:07:23.389+0000] {logging_mixin.py:190} INFO - [2026-07-28T09:07:23.389+0000] {dag.py:4180} INFO - Setting next_dagrun for dlt_loading_dag to None, run_after=None
[2026-07-28T09:07:23.407+0000] {processor.py:208} INFO - Processing /opt/airflow/dags/automation.py took 0.075 seconds
[2026-07-28T09:07:53.907+0000] {processor.py:186} INFO - Started process (PID=334) to work on /opt/airflow/dags/automation.py
[2026-07-28T09:07:53.909+0000] {processor.py:914} INFO - Processing file /opt/airflow/dags/automation.py for tasks to queue
[2026-07-28T09:07:53.911+0000] {logging_mixin.py:190} INFO - [2026-07-28T09:07:53.911+0000] {dagbag.py:588} INFO - Filling up the DagBag from /opt/airflow/dags/automation.py
[2026-07-28T09:07:53.937+0000] {processor.py:925} INFO - DAG(s) 'dlt_loading_dag' retrieved from /opt/airflow/dags/automation.py
[2026-07-28T09:07:53.955+0000] {logging_mixin.py:190} INFO - [2026-07-28T09:07:53.955+0000] {dag.py:3239} INFO - Sync 1 DAGs
[2026-07-28T09:07:53.966+0000] {logging_mixin.py:190} INFO - [2026-07-28T09:07:53.966+0000] {dag.py:4180} INFO - Setting next_dagrun for dlt_loading_dag to None, run_after=None
[2026-07-28T09:07:53.982+0000] {processor.py:208} INFO - Processing /opt/airflow/dags/automation.py took 0.078 seconds
[2026-07-28T09:08:24.434+0000] {processor.py:186} INFO - Started process (PID=339) to work on /opt/airflow/dags/automation.py
[2026-07-28T09:08:24.435+0000] {processor.py:914} INFO - Processing file /opt/airflow/dags/automation.py for tasks to queue
[2026-07-28T09:08:24.438+0000] {logging_mixin.py:190} INFO - [2026-07-28T09:08:24.438+0000] {dagbag.py:588} INFO - Filling up the DagBag from /opt/airflow/dags/automation.py
[2026-07-28T09:08:24.471+0000] {processor.py:925} INFO - DAG(s) 'dlt_loading_dag' retrieved from /opt/airflow/dags/automation.py
[2026-07-28T09:08:24.488+0000] {logging_mixin.py:190} INFO - [2026-07-28T09:08:24.488+0000] {dag.py:3239} INFO - Sync 1 DAGs
[2026-07-28T09:08:24.498+0000] {logging_mixin.py:190} INFO - [2026-07-28T09:08:24.498+0000] {dag.py:4180} INFO - Setting next_dagrun for dlt_loading_dag to None, run_after=None
[2026-07-28T09:08:24.517+0000] {processor.py:208} INFO - Processing /opt/airflow/dags/automation.py took 0.089 seconds
[2026-07-28T09:08:55.008+0000] {processor.py:186} INFO - Started process (PID=344) to work on /opt/airflow/dags/automation.py
[2026-07-28T09:08:55.009+0000] {processor.py:914} INFO - Processing file /opt/airflow/dags/automation.py for tasks to queue
[2026-07-28T09:08:55.011+0000] {logging_mixin.py:190} INFO - [2026-07-28T09:08:55.011+0000] {dagbag.py:588} INFO - Filling up the DagBag from /opt/airflow/dags/automation.py
[2026-07-28T09:08:55.038+0000] {processor.py:925} INFO - DAG(s) 'dlt_loading_dag' retrieved from /opt/airflow/dags/automation.py
[2026-07-28T09:08:55.061+0000] {logging_mixin.py:190} INFO - [2026-07-28T09:08:55.061+0000] {dag.py:3239} INFO - Sync 1 DAGs
[2026-07-28T09:08:55.071+0000] {logging_mixin.py:190} INFO - [2026-07-28T09:08:55.071+0000] {dag.py:4180} INFO - Setting next_dagrun for dlt_loading_dag to None, run_after=None
[2026-07-28T09:08:55.090+0000] {processor.py:208} INFO - Processing /opt/airflow/dags/automation.py took 0.088 seconds
[2026-07-28T09:09:25.539+0000] {processor.py:186} INFO - Started process (PID=349) to work on /opt/airflow/dags/automation.py
[2026-07-28T09:09:25.540+0000] {processor.py:914} INFO - Processing file /opt/airflow/dags/automation.py for tasks to queue
[2026-07-28T09:09:25.542+0000] {logging_mixin.py:190} INFO - [2026-07-28T09:09:25.542+0000] {dagbag.py:588} INFO - Filling up the DagBag from /opt/airflow/dags/automation.py
[2026-07-28T09:09:25.564+0000] {processor.py:925} INFO - DAG(s) 'dlt_loading_dag' retrieved from /opt/airflow/dags/automation.py
[2026-07-28T09:09:25.583+0000] {logging_mixin.py:190} INFO - [2026-07-28T09:09:25.583+0000] {dag.py:3239} INFO - Sync 1 DAGs
[2026-07-28T09:09:25.593+0000] {logging_mixin.py:190} INFO - [2026-07-28T09:09:25.593+0000] {dag.py:4180} INFO - Setting next_dagrun for dlt_loading_dag to None, run_after=None
[2026-07-28T09:09:25.609+0000] {processor.py:208} INFO - Processing /opt/airflow/dags/automation.py took 0.076 seconds
[2026-07-28T09:09:56.043+0000] {processor.py:186} INFO - Started process (PID=354) to work on /opt/airflow/dags/automation.py
[2026-07-28T09:09:56.044+0000] {processor.py:914} INFO - Processing file /opt/airflow/dags/automation.py for tasks to queue
[2026-07-28T09:09:56.046+0000] {logging_mixin.py:190} INFO - [2026-07-28T09:09:56.046+0000] {dagbag.py:588} INFO - Filling up the DagBag from /opt/airflow/dags/automation.py
[2026-07-28T09:09:56.072+0000] {processor.py:925} INFO - DAG(s) 'dlt_loading_dag' retrieved from /opt/airflow/dags/automation.py
[2026-07-28T09:09:56.093+0000] {logging_mixin.py:190} INFO - [2026-07-28T09:09:56.093+0000] {dag.py:3239} INFO - Sync 1 DAGs
[2026-07-28T09:09:56.103+0000] {logging_mixin.py:190} INFO - [2026-07-28T09:09:56.102+0000] {dag.py:4180} INFO - Setting next_dagrun for dlt_loading_dag to None, run_after=None
[2026-07-28T09:09:56.121+0000] {processor.py:208} INFO - Processing /opt/airflow/dags/automation.py took 0.082 seconds
[2026-07-28T09:10:26.592+0000] {processor.py:186} INFO - Started process (PID=359) to work on /opt/airflow/dags/automation.py
[2026-07-28T09:10:26.593+0000] {processor.py:914} INFO - Processing file /opt/airflow/dags/automation.py for tasks to queue
[2026-07-28T09:10:26.596+0000] {logging_mixin.py:190} INFO - [2026-07-28T09:10:26.595+0000] {dagbag.py:588} INFO - Filling up the DagBag from /opt/airflow/dags/automation.py
[2026-07-28T09:10:26.623+0000] {processor.py:925} INFO - DAG(s) 'dlt_loading_dag' retrieved from /opt/airflow/dags/automation.py
[2026-07-28T09:10:26.644+0000] {logging_mixin.py:190} INFO - [2026-07-28T09:10:26.644+0000] {dag.py:3239} INFO - Sync 1 DAGs
[2026-07-28T09:10:26.656+0000] {logging_mixin.py:190} INFO - [2026-07-28T09:10:26.656+0000] {dag.py:4180} INFO - Setting next_dagrun for dlt_loading_dag to None, run_after=None
[2026-07-28T09:10:26.675+0000] {processor.py:208} INFO - Processing /opt/airflow/dags/automation.py took 0.088 seconds
[2026-07-28T09:10:57.144+0000] {processor.py:186} INFO - Started process (PID=364) to work on /opt/airflow/dags/automation.py
[2026-07-28T09:10:57.146+0000] {processor.py:914} INFO - Processing file /opt/airflow/dags/automation.py for tasks to queue
[2026-07-28T09:10:57.147+0000] {logging_mixin.py:190} INFO - [2026-07-28T09:10:57.147+0000] {dagbag.py:588} INFO - Filling up the DagBag from /opt/airflow/dags/automation.py
[2026-07-28T09:10:57.174+0000] {processor.py:925} INFO - DAG(s) 'dlt_loading_dag' retrieved from /opt/airflow/dags/automation.py
[2026-07-28T09:10:57.197+0000] {logging_mixin.py:190} INFO - [2026-07-28T09:10:57.197+0000] {dag.py:3239} INFO - Sync 1 DAGs
[2026-07-28T09:10:57.207+0000] {logging_mixin.py:190} INFO - [2026-07-28T09:10:57.207+0000] {dag.py:4180} INFO - Setting next_dagrun for dlt_loading_dag to None, run_after=None
[2026-07-28T09:10:57.224+0000] {processor.py:208} INFO - Processing /opt/airflow/dags/automation.py took 0.087 seconds
[2026-07-28T09:11:27.704+0000] {processor.py:186} INFO - Started process (PID=369) to work on /opt/airflow/dags/automation.py
[2026-07-28T09:11:27.704+0000] {processor.py:914} INFO - Processing file /opt/airflow/dags/automation.py for tasks to queue
[2026-07-28T09:11:27.706+0000] {logging_mixin.py:190} INFO - [2026-07-28T09:11:27.706+0000] {dagbag.py:588} INFO - Filling up the DagBag from /opt/airflow/dags/automation.py
[2026-07-28T09:11:27.731+0000] {processor.py:925} INFO - DAG(s) 'dlt_loading_dag' retrieved from /opt/airflow/dags/automation.py
[2026-07-28T09:11:27.753+0000] {logging_mixin.py:190} INFO - [2026-07-28T09:11:27.753+0000] {dag.py:3239} INFO - Sync 1 DAGs
[2026-07-28T09:11:27.765+0000] {logging_mixin.py:190} INFO - [2026-07-28T09:11:27.764+0000] {dag.py:4180} INFO - Setting next_dagrun for dlt_loading_dag to None, run_after=None
[2026-07-28T09:11:27.781+0000] {processor.py:208} INFO - Processing /opt/airflow/dags/automation.py took 0.082 seconds
[2026-07-28T09:11:58.202+0000] {processor.py:186} INFO - Started process (PID=374) to work on /opt/airflow/dags/automation.py
[2026-07-28T09:11:58.203+0000] {processor.py:914} INFO - Processing file /opt/airflow/dags/automation.py for tasks to queue
[2026-07-28T09:11:58.205+0000] {logging_mixin.py:190} INFO - [2026-07-28T09:11:58.205+0000] {dagbag.py:588} INFO - Filling up the DagBag from /opt/airflow/dags/automation.py
[2026-07-28T09:11:58.231+0000] {processor.py:925} INFO - DAG(s) 'dlt_loading_dag' retrieved from /opt/airflow/dags/automation.py
[2026-07-28T09:11:58.249+0000] {logging_mixin.py:190} INFO - [2026-07-28T09:11:58.249+0000] {dag.py:3239} INFO - Sync 1 DAGs
[2026-07-28T09:11:58.260+0000] {logging_mixin.py:190} INFO - [2026-07-28T09:11:58.260+0000] {dag.py:4180} INFO - Setting next_dagrun for dlt_loading_dag to None, run_after=None
[2026-07-28T09:11:58.277+0000] {processor.py:208} INFO - Processing /opt/airflow/dags/automation.py took 0.080 seconds
[2026-07-28T09:12:28.720+0000] {processor.py:186} INFO - Started process (PID=379) to work on /opt/airflow/dags/automation.py
[2026-07-28T09:12:28.721+0000] {processor.py:914} INFO - Processing file /opt/airflow/dags/automation.py for tasks to queue
[2026-07-28T09:12:28.723+0000] {logging_mixin.py:190} INFO - [2026-07-28T09:12:28.723+0000] {dagbag.py:588} INFO - Filling up the DagBag from /opt/airflow/dags/automation.py
[2026-07-28T09:12:28.746+0000] {processor.py:925} INFO - DAG(s) 'dlt_loading_dag' retrieved from /opt/airflow/dags/automation.py
[2026-07-28T09:12:28.763+0000] {logging_mixin.py:190} INFO - [2026-07-28T09:12:28.763+0000] {dag.py:3239} INFO - Sync 1 DAGs
[2026-07-28T09:12:28.774+0000] {logging_mixin.py:190} INFO - [2026-07-28T09:12:28.774+0000] {dag.py:4180} INFO - Setting next_dagrun for dlt_loading_dag to None, run_after=None
[2026-07-28T09:12:28.793+0000] {processor.py:208} INFO - Processing /opt/airflow/dags/automation.py took 0.078 seconds
[2026-07-28T09:12:59.260+0000] {processor.py:186} INFO - Started process (PID=384) to work on /opt/airflow/dags/automation.py
[2026-07-28T09:12:59.261+0000] {processor.py:914} INFO - Processing file /opt/airflow/dags/automation.py for tasks to queue
[2026-07-28T09:12:59.263+0000] {logging_mixin.py:190} INFO - [2026-07-28T09:12:59.263+0000] {dagbag.py:588} INFO - Filling up the DagBag from /opt/airflow/dags/automation.py
[2026-07-28T09:12:59.286+0000] {processor.py:925} INFO - DAG(s) 'dlt_loading_dag' retrieved from /opt/airflow/dags/automation.py
[2026-07-28T09:12:59.315+0000] {logging_mixin.py:190} INFO - [2026-07-28T09:12:59.315+0000] {dag.py:3239} INFO - Sync 1 DAGs
[2026-07-28T09:12:59.325+0000] {logging_mixin.py:190} INFO - [2026-07-28T09:12:59.325+0000] {dag.py:4180} INFO - Setting next_dagrun for dlt_loading_dag to None, run_after=None
[2026-07-28T09:12:59.342+0000] {processor.py:208} INFO - Processing /opt/airflow/dags/automation.py took 0.090 seconds
[2026-07-28T09:13:29.723+0000] {processor.py:186} INFO - Started process (PID=389) to work on /opt/airflow/dags/automation.py
[2026-07-28T09:13:29.725+0000] {processor.py:914} INFO - Processing file /opt/airflow/dags/automation.py for tasks to queue
[2026-07-28T09:13:29.727+0000] {logging_mixin.py:190} INFO - [2026-07-28T09:13:29.727+0000] {dagbag.py:588} INFO - Filling up the DagBag from /opt/airflow/dags/automation.py
[2026-07-28T09:13:29.772+0000] {processor.py:925} INFO - DAG(s) 'dlt_loading_dag' retrieved from /opt/airflow/dags/automation.py
[2026-07-28T09:13:29.790+0000] {logging_mixin.py:190} INFO - [2026-07-28T09:13:29.790+0000] {dag.py:3239} INFO - Sync 1 DAGs
[2026-07-28T09:13:29.802+0000] {logging_mixin.py:190} INFO - [2026-07-28T09:13:29.802+0000] {dag.py:4180} INFO - Setting next_dagrun for dlt_loading_dag to None, run_after=None
[2026-07-28T09:13:29.820+0000] {processor.py:208} INFO - Processing /opt/airflow/dags/automation.py took 0.101 seconds
[2026-07-28T09:14:00.334+0000] {processor.py:186} INFO - Started process (PID=394) to work on /opt/airflow/dags/automation.py
[2026-07-28T09:14:00.334+0000] {processor.py:914} INFO - Processing file /opt/airflow/dags/automation.py for tasks to queue
[2026-07-28T09:14:00.336+0000] {logging_mixin.py:190} INFO - [2026-07-28T09:14:00.336+0000] {dagbag.py:588} INFO - Filling up the DagBag from /opt/airflow/dags/automation.py
[2026-07-28T09:14:00.349+0000] {processor.py:925} INFO - DAG(s) 'dlt_loading_dag' retrieved from /opt/airflow/dags/automation.py
[2026-07-28T09:14:00.366+0000] {logging_mixin.py:190} INFO - [2026-07-28T09:14:00.366+0000] {dag.py:3239} INFO - Sync 1 DAGs
[2026-07-28T09:14:00.377+0000] {logging_mixin.py:190} INFO - [2026-07-28T09:14:00.377+0000] {dag.py:4180} INFO - Setting next_dagrun for dlt_loading_dag to None, run_after=None
[2026-07-28T09:14:00.394+0000] {processor.py:208} INFO - Processing /opt/airflow/dags/automation.py took 0.064 seconds
[2026-07-28T09:14:30.566+0000] {processor.py:186} INFO - Started process (PID=399) to work on /opt/airflow/dags/automation.py
[2026-07-28T09:14:30.567+0000] {processor.py:914} INFO - Processing file /opt/airflow/dags/automation.py for tasks to queue
[2026-07-28T09:14:30.569+0000] {logging_mixin.py:190} INFO - [2026-07-28T09:14:30.569+0000] {dagbag.py:588} INFO - Filling up the DagBag from /opt/airflow/dags/automation.py
[2026-07-28T09:14:30.594+0000] {processor.py:925} INFO - DAG(s) 'dlt_loading_dag' retrieved from /opt/airflow/dags/automation.py
[2026-07-28T09:14:30.612+0000] {logging_mixin.py:190} INFO - [2026-07-28T09:14:30.612+0000] {dag.py:3239} INFO - Sync 1 DAGs
[2026-07-28T09:14:30.629+0000] {logging_mixin.py:190} INFO - [2026-07-28T09:14:30.629+0000] {dag.py:4180} INFO - Setting next_dagrun for dlt_loading_dag to None, run_after=None
[2026-07-28T09:14:30.650+0000] {processor.py:208} INFO - Processing /opt/airflow/dags/automation.py took 0.090 seconds
[2026-07-28T09:15:00.796+0000] {processor.py:186} INFO - Started process (PID=404) to work on /opt/airflow/dags/automation.py
[2026-07-28T09:15:00.797+0000] {processor.py:914} INFO - Processing file /opt/airflow/dags/automation.py for tasks to queue
[2026-07-28T09:15:00.798+0000] {logging_mixin.py:190} INFO - [2026-07-28T09:15:00.798+0000] {dagbag.py:588} INFO - Filling up the DagBag from /opt/airflow/dags/automation.py
[2026-07-28T09:15:00.819+0000] {processor.py:925} INFO - DAG(s) 'dlt_loading_dag' retrieved from /opt/airflow/dags/automation.py
[2026-07-28T09:15:00.837+0000] {logging_mixin.py:190} INFO - [2026-07-28T09:15:00.837+0000] {dag.py:3239} INFO - Sync 1 DAGs
[2026-07-28T09:15:00.849+0000] {logging_mixin.py:190} INFO - [2026-07-28T09:15:00.849+0000] {dag.py:4180} INFO - Setting next_dagrun for dlt_loading_dag to None, run_after=None
[2026-07-28T09:15:00.865+0000] {processor.py:208} INFO - Processing /opt/airflow/dags/automation.py took 0.073 seconds
[2026-07-28T09:15:31.347+0000] {processor.py:186} INFO - Started process (PID=409) to work on /opt/airflow/dags/automation.py
[2026-07-28T09:15:31.348+0000] {processor.py:914} INFO - Processing file /opt/airflow/dags/automation.py for tasks to queue
[2026-07-28T09:15:31.349+0000] {logging_mixin.py:190} INFO - [2026-07-28T09:15:31.349+0000] {dagbag.py:588} INFO - Filling up the DagBag from /opt/airflow/dags/automation.py
[2026-07-28T09:15:31.369+0000] {processor.py:925} INFO - DAG(s) 'dlt_loading_dag' retrieved from /opt/airflow/dags/automation.py
[2026-07-28T09:15:31.387+0000] {logging_mixin.py:190} INFO - [2026-07-28T09:15:31.387+0000] {dag.py:3239} INFO - Sync 1 DAGs
[2026-07-28T09:15:31.398+0000] {logging_mixin.py:190} INFO - [2026-07-28T09:15:31.398+0000] {dag.py:4180} INFO - Setting next_dagrun for dlt_loading_dag to None, run_after=None
[2026-07-28T09:15:31.416+0000] {processor.py:208} INFO - Processing /opt/airflow/dags/automation.py took 0.073 seconds
[2026-07-28T09:16:01.829+0000] {processor.py:186} INFO - Started process (PID=414) to work on /opt/airflow/dags/automation.py
[2026-07-28T09:16:01.833+0000] {processor.py:914} INFO - Processing file /opt/airflow/dags/automation.py for tasks to queue
[2026-07-28T09:16:01.835+0000] {logging_mixin.py:190} INFO - [2026-07-28T09:16:01.835+0000] {dagbag.py:588} INFO - Filling up the DagBag from /opt/airflow/dags/automation.py
[2026-07-28T09:16:01.861+0000] {processor.py:925} INFO - DAG(s) 'dlt_loading_dag' retrieved from /opt/airflow/dags/automation.py
[2026-07-28T09:16:01.884+0000] {logging_mixin.py:190} INFO - [2026-07-28T09:16:01.884+0000] {dag.py:3239} INFO - Sync 1 DAGs
[2026-07-28T09:16:01.895+0000] {logging_mixin.py:190} INFO - [2026-07-28T09:16:01.894+0000] {dag.py:4180} INFO - Setting next_dagrun for dlt_loading_dag to None, run_after=None
[2026-07-28T09:16:01.913+0000] {processor.py:208} INFO - Processing /opt/airflow/dags/automation.py took 0.090 seconds
[2026-07-28T09:16:32.316+0000] {processor.py:186} INFO - Started process (PID=419) to work on /opt/airflow/dags/automation.py
[2026-07-28T09:16:32.317+0000] {processor.py:914} INFO - Processing file /opt/airflow/dags/automation.py for tasks to queue
[2026-07-28T09:16:32.320+0000] {logging_mixin.py:190} INFO - [2026-07-28T09:16:32.319+0000] {dagbag.py:588} INFO - Filling up the DagBag from /opt/airflow/dags/automation.py
[2026-07-28T09:16:32.345+0000] {processor.py:925} INFO - DAG(s) 'dlt_loading_dag' retrieved from /opt/airflow/dags/automation.py
[2026-07-28T09:16:32.365+0000] {logging_mixin.py:190} INFO - [2026-07-28T09:16:32.365+0000] {dag.py:3239} INFO - Sync 1 DAGs
[2026-07-28T09:16:32.376+0000] {logging_mixin.py:190} INFO - [2026-07-28T09:16:32.376+0000] {dag.py:4180} INFO - Setting next_dagrun for dlt_loading_dag to None, run_after=None
[2026-07-28T09:16:32.396+0000] {processor.py:208} INFO - Processing /opt/airflow/dags/automation.py took 0.086 seconds
[2026-07-28T09:17:02.596+0000] {processor.py:186} INFO - Started process (PID=424) to work on /opt/airflow/dags/automation.py
[2026-07-28T09:17:02.598+0000] {processor.py:914} INFO - Processing file /opt/airflow/dags/automation.py for tasks to queue
[2026-07-28T09:17:02.600+0000] {logging_mixin.py:190} INFO - [2026-07-28T09:17:02.600+0000] {dagbag.py:588} INFO - Filling up the DagBag from /opt/airflow/dags/automation.py
[2026-07-28T09:17:02.649+0000] {processor.py:925} INFO - DAG(s) 'dlt_loading_dag' retrieved from /opt/airflow/dags/automation.py
[2026-07-28T09:17:02.671+0000] {logging_mixin.py:190} INFO - [2026-07-28T09:17:02.671+0000] {dag.py:3239} INFO - Sync 1 DAGs
[2026-07-28T09:17:02.682+0000] {logging_mixin.py:190} INFO - [2026-07-28T09:17:02.681+0000] {dag.py:4180} INFO - Setting next_dagrun for dlt_loading_dag to None, run_after=None
[2026-07-28T09:17:02.699+0000] {processor.py:208} INFO - Processing /opt/airflow/dags/automation.py took 0.109 seconds
[2026-07-28T09:17:32.810+0000] {processor.py:186} INFO - Started process (PID=429) to work on /opt/airflow/dags/automation.py
[2026-07-28T09:17:32.811+0000] {processor.py:914} INFO - Processing file /opt/airflow/dags/automation.py for tasks to queue
[2026-07-28T09:17:32.813+0000] {logging_mixin.py:190} INFO - [2026-07-28T09:17:32.813+0000] {dagbag.py:588} INFO - Filling up the DagBag from /opt/airflow/dags/automation.py
[2026-07-28T09:17:32.845+0000] {processor.py:925} INFO - DAG(s) 'dlt_loading_dag' retrieved from /opt/airflow/dags/automation.py
[2026-07-28T09:17:32.863+0000] {logging_mixin.py:190} INFO - [2026-07-28T09:17:32.863+0000] {dag.py:3239} INFO - Sync 1 DAGs
[2026-07-28T09:17:32.873+0000] {logging_mixin.py:190} INFO - [2026-07-28T09:17:32.873+0000] {dag.py:4180} INFO - Setting next_dagrun for dlt_loading_dag to None, run_after=None
[2026-07-28T09:17:32.894+0000] {processor.py:208} INFO - Processing /opt/airflow/dags/automation.py took 0.090 seconds
[2026-07-28T09:18:03.357+0000] {processor.py:186} INFO - Started process (PID=434) to work on /opt/airflow/dags/automation.py
[2026-07-28T09:18:03.358+0000] {processor.py:914} INFO - Processing file /opt/airflow/dags/automation.py for tasks to queue
[2026-07-28T09:18:03.360+0000] {logging_mixin.py:190} INFO - [2026-07-28T09:18:03.360+0000] {dagbag.py:588} INFO - Filling up the DagBag from /opt/airflow/dags/automation.py
[2026-07-28T09:18:03.384+0000] {processor.py:925} INFO - DAG(s) 'dlt_loading_dag' retrieved from /opt/airflow/dags/automation.py
[2026-07-28T09:18:03.404+0000] {logging_mixin.py:190} INFO - [2026-07-28T09:18:03.404+0000] {dag.py:3239} INFO - Sync 1 DAGs
[2026-07-28T09:18:03.416+0000] {logging_mixin.py:190} INFO - [2026-07-28T09:18:03.415+0000] {dag.py:4180} INFO - Setting next_dagrun for dlt_loading_dag to None, run_after=None
[2026-07-28T09:18:03.434+0000] {processor.py:208} INFO - Processing /opt/airflow/dags/automation.py took 0.081 seconds
[2026-07-28T09:18:33.925+0000] {processor.py:186} INFO - Started process (PID=439) to work on /opt/airflow/dags/automation.py
[2026-07-28T09:18:33.927+0000] {processor.py:914} INFO - Processing file /opt/airflow/dags/automation.py for tasks to queue
[2026-07-28T09:18:33.929+0000] {logging_mixin.py:190} INFO - [2026-07-28T09:18:33.929+0000] {dagbag.py:588} INFO - Filling up the DagBag from /opt/airflow/dags/automation.py
[2026-07-28T09:18:33.963+0000] {processor.py:925} INFO - DAG(s) 'dlt_loading_dag' retrieved from /opt/airflow/dags/automation.py
[2026-07-28T09:18:33.984+0000] {logging_mixin.py:190} INFO - [2026-07-28T09:18:33.984+0000] {dag.py:3239} INFO - Sync 1 DAGs
[2026-07-28T09:18:33.996+0000] {logging_mixin.py:190} INFO - [2026-07-28T09:18:33.996+0000] {dag.py:4180} INFO - Setting next_dagrun for dlt_loading_dag to None, run_after=None
[2026-07-28T09:18:34.017+0000] {processor.py:208} INFO - Processing /opt/airflow/dags/automation.py took 0.097 seconds
[2026-07-28T09:19:04.427+0000] {processor.py:186} INFO - Started process (PID=444) to work on /opt/airflow/dags/automation.py
[2026-07-28T09:19:04.429+0000] {processor.py:914} INFO - Processing file /opt/airflow/dags/automation.py for tasks to queue
[2026-07-28T09:19:04.432+0000] {logging_mixin.py:190} INFO - [2026-07-28T09:19:04.431+0000] {dagbag.py:588} INFO - Filling up the DagBag from /opt/airflow/dags/automation.py
[2026-07-28T09:19:04.466+0000] {processor.py:925} INFO - DAG(s) 'dlt_loading_dag' retrieved from /opt/airflow/dags/automation.py
[2026-07-28T09:19:04.490+0000] {logging_mixin.py:190} INFO - [2026-07-28T09:19:04.490+0000] {dag.py:3239} INFO - Sync 1 DAGs
[2026-07-28T09:19:04.502+0000] {logging_mixin.py:190} INFO - [2026-07-28T09:19:04.501+0000] {dag.py:4180} INFO - Setting next_dagrun for dlt_loading_dag to None, run_after=None
[2026-07-28T09:19:04.520+0000] {processor.py:208} INFO - Processing /opt/airflow/dags/automation.py took 0.104 seconds
[2026-07-28T09:19:35.338+0000] {processor.py:186} INFO - Started process (PID=449) to work on /opt/airflow/dags/automation.py
[2026-07-28T09:19:35.339+0000] {processor.py:914} INFO - Processing file /opt/airflow/dags/automation.py for tasks to queue
[2026-07-28T09:19:35.341+0000] {logging_mixin.py:190} INFO - [2026-07-28T09:19:35.341+0000] {dagbag.py:588} INFO - Filling up the DagBag from /opt/airflow/dags/automation.py
[2026-07-28T09:19:35.362+0000] {processor.py:925} INFO - DAG(s) 'dlt_loading_dag' retrieved from /opt/airflow/dags/automation.py
[2026-07-28T09:19:35.379+0000] {logging_mixin.py:190} INFO - [2026-07-28T09:19:35.379+0000] {dag.py:3239} INFO - Sync 1 DAGs
[2026-07-28T09:19:35.390+0000] {logging_mixin.py:190} INFO - [2026-07-28T09:19:35.390+0000] {dag.py:4180} INFO - Setting next_dagrun for dlt_loading_dag to None, run_after=None
[2026-07-28T09:19:35.411+0000] {processor.py:208} INFO - Processing /opt/airflow/dags/automation.py took 0.076 seconds
[2026-07-28T09:20:05.816+0000] {processor.py:186} INFO - Started process (PID=454) to work on /opt/airflow/dags/automation.py
[2026-07-28T09:20:05.819+0000] {processor.py:914} INFO - Processing file /opt/airflow/dags/automation.py for tasks to queue
[2026-07-28T09:20:05.823+0000] {logging_mixin.py:190} INFO - [2026-07-28T09:20:05.822+0000] {dagbag.py:588} INFO - Filling up the DagBag from /opt/airflow/dags/automation.py
[2026-07-28T09:20:05.874+0000] {processor.py:925} INFO - DAG(s) 'dlt_loading_dag' retrieved from /opt/airflow/dags/automation.py
[2026-07-28T09:20:05.897+0000] {logging_mixin.py:190} INFO - [2026-07-28T09:20:05.897+0000] {dag.py:3239} INFO - Sync 1 DAGs
[2026-07-28T09:20:05.907+0000] {logging_mixin.py:190} INFO - [2026-07-28T09:20:05.907+0000] {dag.py:4180} INFO - Setting next_dagrun for dlt_loading_dag to None, run_after=None
[2026-07-28T09:20:05.925+0000] {processor.py:208} INFO - Processing /opt/airflow/dags/automation.py took 0.118 seconds
[2026-07-28T09:20:36.390+0000] {processor.py:186} INFO - Started process (PID=459) to work on /opt/airflow/dags/automation.py
[2026-07-28T09:20:36.392+0000] {processor.py:914} INFO - Processing file /opt/airflow/dags/automation.py for tasks to queue
[2026-07-28T09:20:36.394+0000] {logging_mixin.py:190} INFO - [2026-07-28T09:20:36.394+0000] {dagbag.py:588} INFO - Filling up the DagBag from /opt/airflow/dags/automation.py
[2026-07-28T09:20:36.419+0000] {processor.py:925} INFO - DAG(s) 'dlt_loading_dag' retrieved from /opt/airflow/dags/automation.py
[2026-07-28T09:20:36.441+0000] {logging_mixin.py:190} INFO - [2026-07-28T09:20:36.441+0000] {dag.py:3239} INFO - Sync 1 DAGs
[2026-07-28T09:20:36.451+0000] {logging_mixin.py:190} INFO - [2026-07-28T09:20:36.450+0000] {dag.py:4180} INFO - Setting next_dagrun for dlt_loading_dag to None, run_after=None
[2026-07-28T09:20:36.468+0000] {processor.py:208} INFO - Processing /opt/airflow/dags/automation.py took 0.084 seconds
[2026-07-28T09:21:07.342+0000] {processor.py:186} INFO - Started process (PID=464) to work on /opt/airflow/dags/automation.py
[2026-07-28T09:21:07.343+0000] {processor.py:914} INFO - Processing file /opt/airflow/dags/automation.py for tasks to queue
[2026-07-28T09:21:07.345+0000] {logging_mixin.py:190} INFO - [2026-07-28T09:21:07.345+0000] {dagbag.py:588} INFO - Filling up the DagBag from /opt/airflow/dags/automation.py
[2026-07-28T09:21:07.369+0000] {processor.py:925} INFO - DAG(s) 'dlt_loading_dag' retrieved from /opt/airflow/dags/automation.py
[2026-07-28T09:21:07.388+0000] {logging_mixin.py:190} INFO - [2026-07-28T09:21:07.388+0000] {dag.py:3239} INFO - Sync 1 DAGs
[2026-07-28T09:21:07.398+0000] {logging_mixin.py:190} INFO - [2026-07-28T09:21:07.398+0000] {dag.py:4180} INFO - Setting next_dagrun for dlt_loading_dag to None, run_after=None
[2026-07-28T09:21:07.418+0000] {processor.py:208} INFO - Processing /opt/airflow/dags/automation.py took 0.080 seconds
[2026-07-28T09:21:37.923+0000] {processor.py:186} INFO - Started process (PID=469) to work on /opt/airflow/dags/automation.py
[2026-07-28T09:21:37.925+0000] {processor.py:914} INFO - Processing file /opt/airflow/dags/automation.py for tasks to queue
[2026-07-28T09:21:37.928+0000] {logging_mixin.py:190} INFO - [2026-07-28T09:21:37.927+0000] {dagbag.py:588} INFO - Filling up the DagBag from /opt/airflow/dags/automation.py
[2026-07-28T09:21:37.942+0000] {processor.py:925} INFO - DAG(s) 'dlt_loading_dag' retrieved from /opt/airflow/dags/automation.py
[2026-07-28T09:21:37.964+0000] {logging_mixin.py:190} INFO - [2026-07-28T09:21:37.964+0000] {dag.py:3239} INFO - Sync 1 DAGs
[2026-07-28T09:21:37.976+0000] {logging_mixin.py:190} INFO - [2026-07-28T09:21:37.976+0000] {dag.py:4180} INFO - Setting next_dagrun for dlt_loading_dag to None, run_after=None
[2026-07-28T09:21:37.999+0000] {processor.py:208} INFO - Processing /opt/airflow/dags/automation.py took 0.081 seconds
[2026-07-28T09:22:08.855+0000] {processor.py:186} INFO - Started process (PID=474) to work on /opt/airflow/dags/automation.py
[2026-07-28T09:22:08.856+0000] {processor.py:914} INFO - Processing file /opt/airflow/dags/automation.py for tasks to queue
[2026-07-28T09:22:08.858+0000] {logging_mixin.py:190} INFO - [2026-07-28T09:22:08.858+0000] {dagbag.py:588} INFO - Filling up the DagBag from /opt/airflow/dags/automation.py
[2026-07-28T09:22:08.905+0000] {processor.py:925} INFO - DAG(s) 'dlt_loading_dag' retrieved from /opt/airflow/dags/automation.py
[2026-07-28T09:22:08.925+0000] {logging_mixin.py:190} INFO - [2026-07-28T09:22:08.924+0000] {dag.py:3239} INFO - Sync 1 DAGs
[2026-07-28T09:22:08.935+0000] {logging_mixin.py:190} INFO - [2026-07-28T09:22:08.935+0000] {dag.py:4180} INFO - Setting next_dagrun for dlt_loading_dag to None, run_after=None
[2026-07-28T09:22:08.955+0000] {processor.py:208} INFO - Processing /opt/airflow/dags/automation.py took 0.103 seconds
[2026-07-28T09:22:39.929+0000] {processor.py:186} INFO - Started process (PID=479) to work on /opt/airflow/dags/automation.py
[2026-07-28T09:22:39.931+0000] {processor.py:914} INFO - Processing file /opt/airflow/dags/automation.py for tasks to queue
[2026-07-28T09:22:39.932+0000] {logging_mixin.py:190} INFO - [2026-07-28T09:22:39.932+0000] {dagbag.py:588} INFO - Filling up the DagBag from /opt/airflow/dags/automation.py
[2026-07-28T09:22:39.959+0000] {processor.py:925} INFO - DAG(s) 'dlt_loading_dag' retrieved from /opt/airflow/dags/automation.py
[2026-07-28T09:22:39.979+0000] {logging_mixin.py:190} INFO - [2026-07-28T09:22:39.979+0000] {dag.py:3239} INFO - Sync 1 DAGs
[2026-07-28T09:22:39.990+0000] {logging_mixin.py:190} INFO - [2026-07-28T09:22:39.990+0000] {dag.py:4180} INFO - Setting next_dagrun for dlt_loading_dag to None, run_after=None
[2026-07-28T09:22:40.007+0000] {processor.py:208} INFO - Processing /opt/airflow/dags/automation.py took 0.082 seconds
[2026-07-28T09:23:10.823+0000] {processor.py:186} INFO - Started process (PID=484) to work on /opt/airflow/dags/automation.py
[2026-07-28T09:23:10.825+0000] {processor.py:914} INFO - Processing file /opt/airflow/dags/automation.py for tasks to queue
[2026-07-28T09:23:10.827+0000] {logging_mixin.py:190} INFO - [2026-07-28T09:23:10.826+0000] {dagbag.py:588} INFO - Filling up the DagBag from /opt/airflow/dags/automation.py
[2026-07-28T09:23:10.852+0000] {processor.py:925} INFO - DAG(s) 'dlt_loading_dag' retrieved from /opt/airflow/dags/automation.py
[2026-07-28T09:23:10.871+0000] {logging_mixin.py:190} INFO - [2026-07-28T09:23:10.871+0000] {dag.py:3239} INFO - Sync 1 DAGs
[2026-07-28T09:23:10.882+0000] {logging_mixin.py:190} INFO - [2026-07-28T09:23:10.882+0000] {dag.py:4180} INFO - Setting next_dagrun for dlt_loading_dag to None, run_after=None
[2026-07-28T09:23:10.900+0000] {processor.py:208} INFO - Processing /opt/airflow/dags/automation.py took 0.081 seconds
[2026-07-28T09:23:41.855+0000] {processor.py:186} INFO - Started process (PID=489) to work on /opt/airflow/dags/automation.py
[2026-07-28T09:23:41.856+0000] {processor.py:914} INFO - Processing file /opt/airflow/dags/automation.py for tasks to queue
[2026-07-28T09:23:41.858+0000] {logging_mixin.py:190} INFO - [2026-07-28T09:23:41.858+0000] {dagbag.py:588} INFO - Filling up the DagBag from /opt/airflow/dags/automation.py
[2026-07-28T09:23:41.876+0000] {processor.py:925} INFO - DAG(s) 'dlt_loading_dag' retrieved from /opt/airflow/dags/automation.py
[2026-07-28T09:23:41.892+0000] {logging_mixin.py:190} INFO - [2026-07-28T09:23:41.892+0000] {dag.py:3239} INFO - Sync 1 DAGs
[2026-07-28T09:23:41.903+0000] {logging_mixin.py:190} INFO - [2026-07-28T09:23:41.902+0000] {dag.py:4180} INFO - Setting next_dagrun for dlt_loading_dag to None, run_after=None
[2026-07-28T09:23:41.928+0000] {processor.py:208} INFO - Processing /opt/airflow/dags/automation.py took 0.076 seconds
[2026-07-28T09:24:12.805+0000] {processor.py:186} INFO - Started process (PID=494) to work on /opt/airflow/dags/automation.py
[2026-07-28T09:24:12.806+0000] {processor.py:914} INFO - Processing file /opt/airflow/dags/automation.py for tasks to queue
[2026-07-28T09:24:12.808+0000] {logging_mixin.py:190} INFO - [2026-07-28T09:24:12.808+0000] {dagbag.py:588} INFO - Filling up the DagBag from /opt/airflow/dags/automation.py
[2026-07-28T09:24:12.835+0000] {processor.py:925} INFO - DAG(s) 'dlt_loading_dag' retrieved from /opt/airflow/dags/automation.py
[2026-07-28T09:24:12.854+0000] {logging_mixin.py:190} INFO - [2026-07-28T09:24:12.854+0000] {dag.py:3239} INFO - Sync 1 DAGs
[2026-07-28T09:24:12.866+0000] {logging_mixin.py:190} INFO - [2026-07-28T09:24:12.866+0000] {dag.py:4180} INFO - Setting next_dagrun for dlt_loading_dag to None, run_after=None
[2026-07-28T09:24:12.883+0000] {processor.py:208} INFO - Processing /opt/airflow/dags/automation.py took 0.083 seconds
[2026-07-28T09:24:42.951+0000] {processor.py:186} INFO - Started process (PID=499) to work on /opt/airflow/dags/automation.py
[2026-07-28T09:24:42.952+0000] {processor.py:914} INFO - Processing file /opt/airflow/dags/automation.py for tasks to queue
[2026-07-28T09:24:42.954+0000] {logging_mixin.py:190} INFO - [2026-07-28T09:24:42.953+0000] {dagbag.py:588} INFO - Filling up the DagBag from /opt/airflow/dags/automation.py
[2026-07-28T09:24:42.975+0000] {processor.py:925} INFO - DAG(s) 'dlt_loading_dag' retrieved from /opt/airflow/dags/automation.py
[2026-07-28T09:24:42.994+0000] {logging_mixin.py:190} INFO - [2026-07-28T09:24:42.994+0000] {dag.py:3239} INFO - Sync 1 DAGs
[2026-07-28T09:24:43.004+0000] {logging_mixin.py:190} INFO - [2026-07-28T09:24:43.004+0000] {dag.py:4180} INFO - Setting next_dagrun for dlt_loading_dag to None, run_after=None
[2026-07-28T09:24:43.022+0000] {processor.py:208} INFO - Processing /opt/airflow/dags/automation.py took 0.076 seconds
[2026-07-28T09:25:13.275+0000] {processor.py:186} INFO - Started process (PID=504) to work on /opt/airflow/dags/automation.py
[2026-07-28T09:25:13.276+0000] {processor.py:914} INFO - Processing file /opt/airflow/dags/automation.py for tasks to queue
[2026-07-28T09:25:13.278+0000] {logging_mixin.py:190} INFO - [2026-07-28T09:25:13.278+0000] {dagbag.py:588} INFO - Filling up the DagBag from /opt/airflow/dags/automation.py
[2026-07-28T09:25:13.299+0000] {processor.py:925} INFO - DAG(s) 'dlt_loading_dag' retrieved from /opt/airflow/dags/automation.py
[2026-07-28T09:25:13.319+0000] {logging_mixin.py:190} INFO - [2026-07-28T09:25:13.319+0000] {dag.py:3239} INFO - Sync 1 DAGs
[2026-07-28T09:25:13.330+0000] {logging_mixin.py:190} INFO - [2026-07-28T09:25:13.330+0000] {dag.py:4180} INFO - Setting next_dagrun for dlt_loading_dag to None, run_after=None
[2026-07-28T09:25:13.346+0000] {processor.py:208} INFO - Processing /opt/airflow/dags/automation.py took 0.077 seconds
[2026-07-28T09:25:44.210+0000] {processor.py:186} INFO - Started process (PID=509) to work on /opt/airflow/dags/automation.py
[2026-07-28T09:25:44.212+0000] {processor.py:914} INFO - Processing file /opt/airflow/dags/automation.py for tasks to queue
[2026-07-28T09:25:44.213+0000] {logging_mixin.py:190} INFO - [2026-07-28T09:25:44.213+0000] {dagbag.py:588} INFO - Filling up the DagBag from /opt/airflow/dags/automation.py
[2026-07-28T09:25:44.237+0000] {processor.py:925} INFO - DAG(s) 'dlt_loading_dag' retrieved from /opt/airflow/dags/automation.py
[2026-07-28T09:25:44.255+0000] {logging_mixin.py:190} INFO - [2026-07-28T09:25:44.255+0000] {dag.py:3239} INFO - Sync 1 DAGs
[2026-07-28T09:25:44.265+0000] {logging_mixin.py:190} INFO - [2026-07-28T09:25:44.265+0000] {dag.py:4180} INFO - Setting next_dagrun for dlt_loading_dag to None, run_after=None
[2026-07-28T09:25:44.281+0000] {processor.py:208} INFO - Processing /opt/airflow/dags/automation.py took 0.075 seconds
[2026-07-28T09:26:15.203+0000] {processor.py:186} INFO - Started process (PID=514) to work on /opt/airflow/dags/automation.py
[2026-07-28T09:26:15.204+0000] {processor.py:914} INFO - Processing file /opt/airflow/dags/automation.py for tasks to queue
[2026-07-28T09:26:15.205+0000] {logging_mixin.py:190} INFO - [2026-07-28T09:26:15.205+0000] {dagbag.py:588} INFO - Filling up the DagBag from /opt/airflow/dags/automation.py
[2026-07-28T09:26:15.220+0000] {processor.py:925} INFO - DAG(s) 'dlt_loading_dag' retrieved from /opt/airflow/dags/automation.py
[2026-07-28T09:26:15.238+0000] {logging_mixin.py:190} INFO - [2026-07-28T09:26:15.238+0000] {dag.py:3239} INFO - Sync 1 DAGs
[2026-07-28T09:26:15.248+0000] {logging_mixin.py:190} INFO - [2026-07-28T09:26:15.248+0000] {dag.py:4180} INFO - Setting next_dagrun for dlt_loading_dag to None, run_after=None
[2026-07-28T09:26:15.268+0000] {processor.py:208} INFO - Processing /opt/airflow/dags/automation.py took 0.069 seconds
[2026-07-28T09:26:46.233+0000] {processor.py:186} INFO - Started process (PID=519) to work on /opt/airflow/dags/automation.py
[2026-07-28T09:26:46.234+0000] {processor.py:914} INFO - Processing file /opt/airflow/dags/automation.py for tasks to queue
[2026-07-28T09:26:46.235+0000] {logging_mixin.py:190} INFO - [2026-07-28T09:26:46.235+0000] {dagbag.py:588} INFO - Filling up the DagBag from /opt/airflow/dags/automation.py
[2026-07-28T09:26:46.254+0000] {processor.py:925} INFO - DAG(s) 'dlt_loading_dag' retrieved from /opt/airflow/dags/automation.py
[2026-07-28T09:26:46.273+0000] {logging_mixin.py:190} INFO - [2026-07-28T09:26:46.273+0000] {dag.py:3239} INFO - Sync 1 DAGs
[2026-07-28T09:26:46.284+0000] {logging_mixin.py:190} INFO - [2026-07-28T09:26:46.283+0000] {dag.py:4180} INFO - Setting next_dagrun for dlt_loading_dag to None, run_after=None
[2026-07-28T09:26:46.303+0000] {processor.py:208} INFO - Processing /opt/airflow/dags/automation.py took 0.074 seconds
[2026-07-28T09:27:17.129+0000] {processor.py:186} INFO - Started process (PID=524) to work on /opt/airflow/dags/automation.py
[2026-07-28T09:27:17.131+0000] {processor.py:914} INFO - Processing file /opt/airflow/dags/automation.py for tasks to queue
[2026-07-28T09:27:17.133+0000] {logging_mixin.py:190} INFO - [2026-07-28T09:27:17.132+0000] {dagbag.py:588} INFO - Filling up the DagBag from /opt/airflow/dags/automation.py
[2026-07-28T09:27:17.165+0000] {processor.py:925} INFO - DAG(s) 'dlt_loading_dag' retrieved from /opt/airflow/dags/automation.py
[2026-07-28T09:27:17.185+0000] {logging_mixin.py:190} INFO - [2026-07-28T09:27:17.185+0000] {dag.py:3239} INFO - Sync 1 DAGs
[2026-07-28T09:27:17.196+0000] {logging_mixin.py:190} INFO - [2026-07-28T09:27:17.196+0000] {dag.py:4180} INFO - Setting next_dagrun for dlt_loading_dag to None, run_after=None
[2026-07-28T09:27:17.213+0000] {processor.py:208} INFO - Processing /opt/airflow/dags/automation.py took 0.088 seconds
[2026-07-28T09:27:48.185+0000] {processor.py:186} INFO - Started process (PID=529) to work on /opt/airflow/dags/automation.py
[2026-07-28T09:27:48.186+0000] {processor.py:914} INFO - Processing file /opt/airflow/dags/automation.py for tasks to queue
[2026-07-28T09:27:48.188+0000] {logging_mixin.py:190} INFO - [2026-07-28T09:27:48.188+0000] {dagbag.py:588} INFO - Filling up the DagBag from /opt/airflow/dags/automation.py
[2026-07-28T09:27:48.215+0000] {processor.py:925} INFO - DAG(s) 'dlt_loading_dag' retrieved from /opt/airflow/dags/automation.py
[2026-07-28T09:27:48.237+0000] {logging_mixin.py:190} INFO - [2026-07-28T09:27:48.237+0000] {dag.py:3239} INFO - Sync 1 DAGs
[2026-07-28T09:27:48.248+0000] {logging_mixin.py:190} INFO - [2026-07-28T09:27:48.248+0000] {dag.py:4180} INFO - Setting next_dagrun for dlt_loading_dag to None, run_after=None
[2026-07-28T09:27:48.266+0000] {processor.py:208} INFO - Processing /opt/airflow/dags/automation.py took 0.088 seconds
[2026-07-28T09:28:19.144+0000] {processor.py:186} INFO - Started process (PID=534) to work on /opt/airflow/dags/automation.py
[2026-07-28T09:28:19.147+0000] {processor.py:914} INFO - Processing file /opt/airflow/dags/automation.py for tasks to queue
[2026-07-28T09:28:19.151+0000] {logging_mixin.py:190} INFO - [2026-07-28T09:28:19.150+0000] {dagbag.py:588} INFO - Filling up the DagBag from /opt/airflow/dags/automation.py
[2026-07-28T09:28:19.194+0000] {processor.py:925} INFO - DAG(s) 'dlt_loading_dag' retrieved from /opt/airflow/dags/automation.py
[2026-07-28T09:28:19.225+0000] {logging_mixin.py:190} INFO - [2026-07-28T09:28:19.225+0000] {dag.py:3239} INFO - Sync 1 DAGs
[2026-07-28T09:28:19.243+0000] {logging_mixin.py:190} INFO - [2026-07-28T09:28:19.242+0000] {dag.py:4180} INFO - Setting next_dagrun for dlt_loading_dag to None, run_after=None
[2026-07-28T09:28:19.272+0000] {processor.py:208} INFO - Processing /opt/airflow/dags/automation.py took 0.145 seconds
[2026-07-28T09:28:50.001+0000] {processor.py:186} INFO - Started process (PID=539) to work on /opt/airflow/dags/automation.py
[2026-07-28T09:28:50.003+0000] {processor.py:914} INFO - Processing file /opt/airflow/dags/automation.py for tasks to queue
[2026-07-28T09:28:50.005+0000] {logging_mixin.py:190} INFO - [2026-07-28T09:28:50.005+0000] {dagbag.py:588} INFO - Filling up the DagBag from /opt/airflow/dags/automation.py
[2026-07-28T09:28:50.027+0000] {processor.py:925} INFO - DAG(s) 'dlt_loading_dag' retrieved from /opt/airflow/dags/automation.py
[2026-07-28T09:28:50.052+0000] {logging_mixin.py:190} INFO - [2026-07-28T09:28:50.051+0000] {dag.py:3239} INFO - Sync 1 DAGs
[2026-07-28T09:28:50.062+0000] {logging_mixin.py:190} INFO - [2026-07-28T09:28:50.061+0000] {dag.py:4180} INFO - Setting next_dagrun for dlt_loading_dag to None, run_after=None
[2026-07-28T09:28:50.081+0000] {processor.py:208} INFO - Processing /opt/airflow/dags/automation.py took 0.086 seconds
[2026-07-28T09:29:20.882+0000] {processor.py:186} INFO - Started process (PID=544) to work on /opt/airflow/dags/automation.py
[2026-07-28T09:29:20.883+0000] {processor.py:914} INFO - Processing file /opt/airflow/dags/automation.py for tasks to queue
[2026-07-28T09:29:20.886+0000] {logging_mixin.py:190} INFO - [2026-07-28T09:29:20.885+0000] {dagbag.py:588} INFO - Filling up the DagBag from /opt/airflow/dags/automation.py
[2026-07-28T09:29:20.914+0000] {processor.py:925} INFO - DAG(s) 'dlt_loading_dag' retrieved from /opt/airflow/dags/automation.py
[2026-07-28T09:29:20.933+0000] {logging_mixin.py:190} INFO - [2026-07-28T09:29:20.933+0000] {dag.py:3239} INFO - Sync 1 DAGs
[2026-07-28T09:29:20.944+0000] {logging_mixin.py:190} INFO - [2026-07-28T09:29:20.944+0000] {dag.py:4180} INFO - Setting next_dagrun for dlt_loading_dag to None, run_after=None
[2026-07-28T09:29:20.964+0000] {processor.py:208} INFO - Processing /opt/airflow/dags/automation.py took 0.087 seconds
[2026-07-28T09:29:51.838+0000] {processor.py:186} INFO - Started process (PID=549) to work on /opt/airflow/dags/automation.py
[2026-07-28T09:29:51.840+0000] {processor.py:914} INFO - Processing file /opt/airflow/dags/automation.py for tasks to queue
[2026-07-28T09:29:51.842+0000] {logging_mixin.py:190} INFO - [2026-07-28T09:29:51.842+0000] {dagbag.py:588} INFO - Filling up the DagBag from /opt/airflow/dags/automation.py
[2026-07-28T09:29:51.866+0000] {processor.py:925} INFO - DAG(s) 'dlt_loading_dag' retrieved from /opt/airflow/dags/automation.py
[2026-07-28T09:29:51.891+0000] {logging_mixin.py:190} INFO - [2026-07-28T09:29:51.891+0000] {dag.py:3239} INFO - Sync 1 DAGs
[2026-07-28T09:29:51.902+0000] {logging_mixin.py:190} INFO - [2026-07-28T09:29:51.901+0000] {dag.py:4180} INFO - Setting next_dagrun for dlt_loading_dag to None, run_after=None
[2026-07-28T09:29:51.917+0000] {processor.py:208} INFO - Processing /opt/airflow/dags/automation.py took 0.084 seconds
[2026-07-28T09:30:22.356+0000] {processor.py:186} INFO - Started process (PID=554) to work on /opt/airflow/dags/automation.py
[2026-07-28T09:30:22.358+0000] {processor.py:914} INFO - Processing file /opt/airflow/dags/automation.py for tasks to queue
[2026-07-28T09:30:22.361+0000] {logging_mixin.py:190} INFO - [2026-07-28T09:30:22.361+0000] {dagbag.py:588} INFO - Filling up the DagBag from /opt/airflow/dags/automation.py
[2026-07-28T09:30:22.384+0000] {processor.py:925} INFO - DAG(s) 'dlt_loading_dag' retrieved from /opt/airflow/dags/automation.py
[2026-07-28T09:30:22.403+0000] {logging_mixin.py:190} INFO - [2026-07-28T09:30:22.403+0000] {dag.py:3239} INFO - Sync 1 DAGs
[2026-07-28T09:30:22.413+0000] {logging_mixin.py:190} INFO - [2026-07-28T09:30:22.413+0000] {dag.py:4180} INFO - Setting next_dagrun for dlt_loading_dag to None, run_after=None
[2026-07-28T09:30:22.433+0000] {processor.py:208} INFO - Processing /opt/airflow/dags/automation.py took 0.084 seconds
[2026-07-28T09:30:52.677+0000] {processor.py:186} INFO - Started process (PID=559) to work on /opt/airflow/dags/automation.py
[2026-07-28T09:30:52.678+0000] {processor.py:914} INFO - Processing file /opt/airflow/dags/automation.py for tasks to queue
[2026-07-28T09:30:52.680+0000] {logging_mixin.py:190} INFO - [2026-07-28T09:30:52.680+0000] {dagbag.py:588} INFO - Filling up the DagBag from /opt/airflow/dags/automation.py
[2026-07-28T09:30:52.704+0000] {processor.py:925} INFO - DAG(s) 'dlt_loading_dag' retrieved from /opt/airflow/dags/automation.py
[2026-07-28T09:30:52.723+0000] {logging_mixin.py:190} INFO - [2026-07-28T09:30:52.723+0000] {dag.py:3239} INFO - Sync 1 DAGs
[2026-07-28T09:30:52.733+0000] {logging_mixin.py:190} INFO - [2026-07-28T09:30:52.733+0000] {dag.py:4180} INFO - Setting next_dagrun for dlt_loading_dag to None, run_after=None
[2026-07-28T09:30:52.763+0000] {processor.py:208} INFO - Processing /opt/airflow/dags/automation.py took 0.090 seconds
[2026-07-28T09:31:23.623+0000] {processor.py:186} INFO - Started process (PID=564) to work on /opt/airflow/dags/automation.py
[2026-07-28T09:31:23.625+0000] {processor.py:914} INFO - Processing file /opt/airflow/dags/automation.py for tasks to queue
[2026-07-28T09:31:23.627+0000] {logging_mixin.py:190} INFO - [2026-07-28T09:31:23.626+0000] {dagbag.py:588} INFO - Filling up the DagBag from /opt/airflow/dags/automation.py
[2026-07-28T09:31:23.648+0000] {processor.py:925} INFO - DAG(s) 'dlt_loading_dag' retrieved from /opt/airflow/dags/automation.py
[2026-07-28T09:31:23.666+0000] {logging_mixin.py:190} INFO - [2026-07-28T09:31:23.666+0000] {dag.py:3239} INFO - Sync 1 DAGs
[2026-07-28T09:31:23.677+0000] {logging_mixin.py:190} INFO - [2026-07-28T09:31:23.677+0000] {dag.py:4180} INFO - Setting next_dagrun for dlt_loading_dag to None, run_after=None
[2026-07-28T09:31:23.695+0000] {processor.py:208} INFO - Processing /opt/airflow/dags/automation.py took 0.076 seconds
[2026-07-28T09:31:54.615+0000] {processor.py:186} INFO - Started process (PID=569) to work on /opt/airflow/dags/automation.py
[2026-07-28T09:31:54.618+0000] {processor.py:914} INFO - Processing file /opt/airflow/dags/automation.py for tasks to queue
[2026-07-28T09:31:54.622+0000] {logging_mixin.py:190} INFO - [2026-07-28T09:31:54.621+0000] {dagbag.py:588} INFO - Filling up the DagBag from /opt/airflow/dags/automation.py
[2026-07-28T09:31:54.655+0000] {processor.py:925} INFO - DAG(s) 'dlt_loading_dag' retrieved from /opt/airflow/dags/automation.py
[2026-07-28T09:31:54.694+0000] {logging_mixin.py:190} INFO - [2026-07-28T09:31:54.694+0000] {dag.py:3239} INFO - Sync 1 DAGs
[2026-07-28T09:31:54.708+0000] {logging_mixin.py:190} INFO - [2026-07-28T09:31:54.708+0000] {dag.py:4180} INFO - Setting next_dagrun for dlt_loading_dag to None, run_after=None
[2026-07-28T09:31:54.730+0000] {processor.py:208} INFO - Processing /opt/airflow/dags/automation.py took 0.129 seconds
[2026-07-28T09:32:25.525+0000] {processor.py:186} INFO - Started process (PID=574) to work on /opt/airflow/dags/automation.py
[2026-07-28T09:32:25.526+0000] {processor.py:914} INFO - Processing file /opt/airflow/dags/automation.py for tasks to queue
[2026-07-28T09:32:25.529+0000] {logging_mixin.py:190} INFO - [2026-07-28T09:32:25.529+0000] {dagbag.py:588} INFO - Filling up the DagBag from /opt/airflow/dags/automation.py
[2026-07-28T09:32:25.564+0000] {processor.py:925} INFO - DAG(s) 'dlt_loading_dag' retrieved from /opt/airflow/dags/automation.py
[2026-07-28T09:32:25.586+0000] {logging_mixin.py:190} INFO - [2026-07-28T09:32:25.586+0000] {dag.py:3239} INFO - Sync 1 DAGs
[2026-07-28T09:32:25.596+0000] {logging_mixin.py:190} INFO - [2026-07-28T09:32:25.596+0000] {dag.py:4180} INFO - Setting next_dagrun for dlt_loading_dag to None, run_after=None
[2026-07-28T09:32:25.617+0000] {processor.py:208} INFO - Processing /opt/airflow/dags/automation.py took 0.099 seconds
[2026-07-28T09:32:56.524+0000] {processor.py:186} INFO - Started process (PID=579) to work on /opt/airflow/dags/automation.py
[2026-07-28T09:32:56.525+0000] {processor.py:914} INFO - Processing file /opt/airflow/dags/automation.py for tasks to queue
[2026-07-28T09:32:56.527+0000] {logging_mixin.py:190} INFO - [2026-07-28T09:32:56.527+0000] {dagbag.py:588} INFO - Filling up the DagBag from /opt/airflow/dags/automation.py
[2026-07-28T09:32:56.548+0000] {processor.py:925} INFO - DAG(s) 'dlt_loading_dag' retrieved from /opt/airflow/dags/automation.py
[2026-07-28T09:32:56.570+0000] {logging_mixin.py:190} INFO - [2026-07-28T09:32:56.570+0000] {dag.py:3239} INFO - Sync 1 DAGs
[2026-07-28T09:32:56.583+0000] {logging_mixin.py:190} INFO - [2026-07-28T09:32:56.583+0000] {dag.py:4180} INFO - Setting next_dagrun for dlt_loading_dag to None, run_after=None
[2026-07-28T09:32:56.604+0000] {processor.py:208} INFO - Processing /opt/airflow/dags/automation.py took 0.084 seconds
[2026-07-28T09:33:27.383+0000] {processor.py:186} INFO - Started process (PID=584) to work on /opt/airflow/dags/automation.py
[2026-07-28T09:33:27.384+0000] {processor.py:914} INFO - Processing file /opt/airflow/dags/automation.py for tasks to queue
[2026-07-28T09:33:27.386+0000] {logging_mixin.py:190} INFO - [2026-07-28T09:33:27.386+0000] {dagbag.py:588} INFO - Filling up the DagBag from /opt/airflow/dags/automation.py
[2026-07-28T09:33:27.404+0000] {processor.py:925} INFO - DAG(s) 'dlt_loading_dag' retrieved from /opt/airflow/dags/automation.py
[2026-07-28T09:33:27.429+0000] {logging_mixin.py:190} INFO - [2026-07-28T09:33:27.428+0000] {dag.py:3239} INFO - Sync 1 DAGs
[2026-07-28T09:33:27.440+0000] {logging_mixin.py:190} INFO - [2026-07-28T09:33:27.440+0000] {dag.py:4180} INFO - Setting next_dagrun for dlt_loading_dag to None, run_after=None
[2026-07-28T09:33:27.457+0000] {processor.py:208} INFO - Processing /opt/airflow/dags/automation.py took 0.079 seconds
[2026-07-28T09:33:58.325+0000] {processor.py:186} INFO - Started process (PID=589) to work on /opt/airflow/dags/automation.py
[2026-07-28T09:33:58.326+0000] {processor.py:914} INFO - Processing file /opt/airflow/dags/automation.py for tasks to queue
[2026-07-28T09:33:58.328+0000] {logging_mixin.py:190} INFO - [2026-07-28T09:33:58.328+0000] {dagbag.py:588} INFO - Filling up the DagBag from /opt/airflow/dags/automation.py
[2026-07-28T09:33:58.349+0000] {processor.py:925} INFO - DAG(s) 'dlt_loading_dag' retrieved from /opt/airflow/dags/automation.py
[2026-07-28T09:33:58.385+0000] {logging_mixin.py:190} INFO - [2026-07-28T09:33:58.385+0000] {dag.py:3239} INFO - Sync 1 DAGs
[2026-07-28T09:33:58.400+0000] {logging_mixin.py:190} INFO - [2026-07-28T09:33:58.400+0000] {dag.py:4180} INFO - Setting next_dagrun for dlt_loading_dag to None, run_after=None
[2026-07-28T09:33:58.420+0000] {processor.py:208} INFO - Processing /opt/airflow/dags/automation.py took 0.100 seconds
[2026-07-28T09:34:29.199+0000] {processor.py:186} INFO - Started process (PID=594) to work on /opt/airflow/dags/automation.py
[2026-07-28T09:34:29.201+0000] {processor.py:914} INFO - Processing file /opt/airflow/dags/automation.py for tasks to queue
[2026-07-28T09:34:29.205+0000] {logging_mixin.py:190} INFO - [2026-07-28T09:34:29.204+0000] {dagbag.py:588} INFO - Filling up the DagBag from /opt/airflow/dags/automation.py
[2026-07-28T09:34:29.241+0000] {processor.py:925} INFO - DAG(s) 'dlt_loading_dag' retrieved from /opt/airflow/dags/automation.py
[2026-07-28T09:34:29.294+0000] {logging_mixin.py:190} INFO - [2026-07-28T09:34:29.293+0000] {dag.py:3239} INFO - Sync 1 DAGs
[2026-07-28T09:34:29.312+0000] {logging_mixin.py:190} INFO - [2026-07-28T09:34:29.311+0000] {dag.py:4180} INFO - Setting next_dagrun for dlt_loading_dag to None, run_after=None
[2026-07-28T09:34:29.332+0000] {processor.py:208} INFO - Processing /opt/airflow/dags/automation.py took 0.142 seconds
[2026-07-28T09:35:00.181+0000] {processor.py:186} INFO - Started process (PID=599) to work on /opt/airflow/dags/automation.py
[2026-07-28T09:35:00.183+0000] {processor.py:914} INFO - Processing file /opt/airflow/dags/automation.py for tasks to queue
[2026-07-28T09:35:00.189+0000] {logging_mixin.py:190} INFO - [2026-07-28T09:35:00.188+0000] {dagbag.py:588} INFO - Filling up the DagBag from /opt/airflow/dags/automation.py
[2026-07-28T09:35:00.232+0000] {processor.py:925} INFO - DAG(s) 'dlt_loading_dag' retrieved from /opt/airflow/dags/automation.py
[2026-07-28T09:35:00.286+0000] {logging_mixin.py:190} INFO - [2026-07-28T09:35:00.286+0000] {dag.py:3239} INFO - Sync 1 DAGs
[2026-07-28T09:35:00.314+0000] {logging_mixin.py:190} INFO - [2026-07-28T09:35:00.314+0000] {dag.py:4180} INFO - Setting next_dagrun for dlt_loading_dag to None, run_after=None
[2026-07-28T09:35:00.353+0000] {processor.py:208} INFO - Processing /opt/airflow/dags/automation.py took 0.186 seconds
[2026-07-28T09:35:31.346+0000] {processor.py:186} INFO - Started process (PID=604) to work on /opt/airflow/dags/automation.py
[2026-07-28T09:35:31.348+0000] {processor.py:914} INFO - Processing file /opt/airflow/dags/automation.py for tasks to queue
[2026-07-28T09:35:31.350+0000] {logging_mixin.py:190} INFO - [2026-07-28T09:35:31.349+0000] {dagbag.py:588} INFO - Filling up the DagBag from /opt/airflow/dags/automation.py
[2026-07-28T09:35:31.371+0000] {processor.py:925} INFO - DAG(s) 'dlt_loading_dag' retrieved from /opt/airflow/dags/automation.py
[2026-07-28T09:35:31.390+0000] {logging_mixin.py:190} INFO - [2026-07-28T09:35:31.390+0000] {dag.py:3239} INFO - Sync 1 DAGs
[2026-07-28T09:35:31.401+0000] {logging_mixin.py:190} INFO - [2026-07-28T09:35:31.401+0000] {dag.py:4180} INFO - Setting next_dagrun for dlt_loading_dag to None, run_after=None
[2026-07-28T09:35:31.418+0000] {processor.py:208} INFO - Processing /opt/airflow/dags/automation.py took 0.079 seconds
[2026-07-28T09:36:02.727+0000] {processor.py:186} INFO - Started process (PID=609) to work on /opt/airflow/dags/automation.py
[2026-07-28T09:36:02.728+0000] {processor.py:914} INFO - Processing file /opt/airflow/dags/automation.py for tasks to queue
[2026-07-28T09:36:02.730+0000] {logging_mixin.py:190} INFO - [2026-07-28T09:36:02.730+0000] {dagbag.py:588} INFO - Filling up the DagBag from /opt/airflow/dags/automation.py
[2026-07-28T09:36:02.752+0000] {processor.py:925} INFO - DAG(s) 'dlt_loading_dag' retrieved from /opt/airflow/dags/automation.py
[2026-07-28T09:36:02.776+0000] {logging_mixin.py:190} INFO - [2026-07-28T09:36:02.775+0000] {dag.py:3239} INFO - Sync 1 DAGs
[2026-07-28T09:36:02.786+0000] {logging_mixin.py:190} INFO - [2026-07-28T09:36:02.786+0000] {dag.py:4180} INFO - Setting next_dagrun for dlt_loading_dag to None, run_after=None
[2026-07-28T09:36:02.802+0000] {processor.py:208} INFO - Processing /opt/airflow/dags/automation.py took 0.081 seconds
[2026-07-28T09:36:33.638+0000] {processor.py:186} INFO - Started process (PID=614) to work on /opt/airflow/dags/automation.py
[2026-07-28T09:36:33.639+0000] {processor.py:914} INFO - Processing file /opt/airflow/dags/automation.py for tasks to queue
[2026-07-28T09:36:33.640+0000] {logging_mixin.py:190} INFO - [2026-07-28T09:36:33.640+0000] {dagbag.py:588} INFO - Filling up the DagBag from /opt/airflow/dags/automation.py
[2026-07-28T09:36:33.658+0000] {processor.py:925} INFO - DAG(s) 'dlt_loading_dag' retrieved from /opt/airflow/dags/automation.py
[2026-07-28T09:36:33.678+0000] {logging_mixin.py:190} INFO - [2026-07-28T09:36:33.678+0000] {dag.py:3239} INFO - Sync 1 DAGs
[2026-07-28T09:36:33.690+0000] {logging_mixin.py:190} INFO - [2026-07-28T09:36:33.690+0000] {dag.py:4180} INFO - Setting next_dagrun for dlt_loading_dag to None, run_after=None
[2026-07-28T09:36:33.712+0000] {processor.py:208} INFO - Processing /opt/airflow/dags/automation.py took 0.078 seconds
